source_id,title,source_kind,date,url,knowledge_count,source_original_knowledge,isolated_concept_atoms,isolated_action_methods,text_segments,text_path,source_analysis,text_status,visual_status,listening_status
o6fS0sTCYcU,2026-05-04 - 师徒直播 答疑解惑 [o6fS0sTCYcU],youtube_local_video,2026-05-04,https://www.youtube.com/watch?v=o6fS0sTCYcU,34,34,0,0,1355,wanjia-skill/references/transcripts/o6fS0sTCYcU.json,wanjia-skill/references/analyses/o6fS0sTCYcU.md,automatic_transcription_with_analysis_not_sentence_by_sentence_verified,partial_review_reports_available,not_verified_by_this_build
Gs467Dozs3w,2026-06-16 - mikey正在直播 [Gs467Dozs3w],youtube_local_video,2026-06-16,https://www.youtube.com/watch?v=Gs467Dozs3w,40,40,0,0,1323,wanjia-skill/references/transcripts/Gs467Dozs3w.json,wanjia-skill/references/analyses/Gs467Dozs3w.json,automatic_transcription_with_analysis_not_sentence_by_sentence_verified,partial_review_reports_available,not_verified_by_this_build
HgnLR9S39is,2026-06-22 - 重聊 我的来时路 [HgnLR9S39is],youtube_local_video,2026-06-22,https://www.youtube.com/watch?v=HgnLR9S39is,40,40,0,0,2084,wanjia-skill/references/transcripts/HgnLR9S39is.json,wanjia-skill/references/analyses/HgnLR9S39is.json,automatic_transcription_with_analysis_not_sentence_by_sentence_verified,partial_review_reports_available,not_verified_by_this_build
EIcItpA_RZU,2026-06-29 - 重聊 我的来时路2 [EIcItpA_RZU],youtube_local_video,2026-06-29,https://www.youtube.com/watch?v=EIcItpA_RZU,47,47,0,0,2077,wanjia-skill/references/transcripts/EIcItpA_RZU.json,wanjia-skill/references/analyses/EIcItpA_RZU.json,automatic_transcription_with_analysis_not_sentence_by_sentence_verified,partial_review_reports_available,not_verified_by_this_build
9zRpsnsPGxU,2026-07-09 - 两性吸引力解码 女人真正的慕强到底是什么  真正的干货分享 [9zRpsnsPGxU],youtube_local_video,2026-07-09,https://www.youtube.com/watch?v=9zRpsnsPGxU,16,14,2,0,2759,wanjia-skill/references/transcripts/9zRpsnsPGxU.json,wanjia-skill/references/analyses/9zRpsnsPGxU.json,automatic_transcription_with_analysis_not_sentence_by_sentence_verified,partial_review_reports_available,partial_web_audio_corrections_available_not_full_listening
i6bCkJEnMHM,2026-07-14 - 女人为什么总会爱上骗子？ [i6bCkJEnMHM],youtube_local_video,2026-07-14,https://www.youtube.com/watch?v=i6bCkJEnMHM,50,50,0,0,2845,wanjia-skill/references/transcripts/i6bCkJEnMHM.json,wanjia-skill/references/analyses/i6bCkJEnMHM.json,automatic_transcription_with_analysis_not_sentence_by_sentence_verified,partial_review_reports_available,not_verified_by_this_build
S-cMTEvo6To,2026-07-21 - 聊一下邹市明冉莹颖 [S-cMTEvo6To],youtube_local_video,2026-07-21,https://www.youtube.com/watch?v=S-cMTEvo6To,42,42,0,0,2363,wanjia-skill/references/transcripts/S-cMTEvo6To.json,wanjia-skill/references/analyses/S-cMTEvo6To.json,automatic_transcription_with_analysis_not_sentence_by_sentence_verified,partial_review_reports_available,not_verified_by_this_build
OSEq7tPwrqY,2026-07-27 - 长期关系怎么维护？ [OSEq7tPwrqY],youtube_local_video,2026-07-27,https://www.youtube.com/watch?v=OSEq7tPwrqY,40,40,0,0,2658,wanjia-skill/references/transcripts/OSEq7tPwrqY.json,wanjia-skill/references/analyses/OSEq7tPwrqY.json,automatic_transcription_with_analysis_not_sentence_by_sentence_verified,partial_review_reports_available,not_verified_by_this_build
jvFRTgH_4cE,2026-08-03 - 一次性给肢体接触讲透 讲明白！ [jvFRTgH_4cE],youtube_local_video,2026-08-03,https://www.youtube.com/watch?v=jvFRTgH_4cE,56,56,0,0,3212,wanjia-skill/references/transcripts/jvFRTgH_4cE.json,wanjia-skill/references/analyses/jvFRTgH_4cE.json,automatic_transcription_with_analysis_not_sentence_by_sentence_verified,partial_review_reports_available,not_verified_by_this_build
YEm81yAdw2E,2026-08-11 - 泡妞吸引核心 “控制力 ”今天继续开源 [YEm81yAdw2E],youtube_local_video,2026-08-11,https://www.youtube.com/watch?v=YEm81yAdw2E,42,42,0,0,1857,wanjia-skill/references/transcripts/YEm81yAdw2E.json,wanjia-skill/references/analyses/YEm81yAdw2E.json,automatic_transcription_with_analysis_not_sentence_by_sentence_verified,partial_review_reports_available,not_verified_by_this_build
quark-live-001,如何提高社交软件配对成功率 社交软件的正确使用方法,quark_local_video,,,37,37,0,0,3109,wanjia-skill/references/quark-live/quark-live-001/transcript.json,wanjia-skill/references/quark-live/quark-live-001/episode-analysis.md,automatic_transcription_with_analysis_not_sentence_by_sentence_verified,static_frame_review_available_not_continuous_audio_visual_review,not_verified_by_this_build
quark-live-002,如何网聊 可以制造出超强吸引力,quark_local_video,,,26,23,2,1,1766,wanjia-skill/references/quark-live/quark-live-002/transcript.json,wanjia-skill/references/quark-live/quark-live-002/episode-analysis.md,automatic_transcription_with_analysis_not_sentence_by_sentence_verified,static_frame_review_available_not_continuous_audio_visual_review,not_verified_by_this_build
quark-live-003,外卖方法 让女人千里来找我 【Tinder王专场】,quark_local_video,,,26,26,0,0,3621,wanjia-skill/references/quark-live/quark-live-003/transcript.json,wanjia-skill/references/quark-live/quark-live-003/episode-analysis.md,automatic_transcription_with_analysis_not_sentence_by_sentence_verified,static_frame_review_available_not_continuous_audio_visual_review,not_verified_by_this_build
quark-live-004,网聊绝技 只撩不攻 让女生无限上头,quark_local_video,,,28,28,0,0,2667,wanjia-skill/references/quark-live/quark-live-004/transcript.json,wanjia-skill/references/quark-live/quark-live-004/episode-analysis.md,automatic_transcription_with_analysis_not_sentence_by_sentence_verified,static_frame_review_available_not_continuous_audio_visual_review,not_verified_by_this_build
quark-live-005,无敌网聊公式 解放你的大脑,quark_local_video,,,30,30,0,0,1879,wanjia-skill/references/quark-live/quark-live-005/transcript.json,wanjia-skill/references/quark-live/quark-live-005/episode-analysis.md,automatic_transcription_with_analysis_not_sentence_by_sentence_verified,static_frame_review_available_not_continuous_audio_visual_review,not_verified_by_this_build
quark-live-006,直播1：基本面对于把妹到底重要么 为什么我穿的很挫也能把到妹 展示面对于把妹是否有用 丨dating,quark_local_video,,,37,37,0,0,2861,wanjia-skill/references/quark-live/quark-live-006/transcript.json,wanjia-skill/references/quark-live/quark-live-006/episode-analysis.md,automatic_transcription_with_analysis_not_sentence_by_sentence_verified,static_frame_review_available_not_continuous_audio_visual_review,not_verified_by_this_build
quark-live-007,直播3：女人为什么不尊重你,quark_local_video,,,44,44,0,0,4778,wanjia-skill/references/quark-live/quark-live-007/transcript.json,wanjia-skill/references/quark-live/quark-live-007/episode-analysis.md,automatic_transcription_with_analysis_not_sentence_by_sentence_verified,static_frame_review_available_not_continuous_audio_visual_review,not_verified_by_this_build
quark-live-008,直播4：你为什么没有结果,quark_local_video,,,46,46,0,0,3005,wanjia-skill/references/quark-live/quark-live-008/transcript.json,wanjia-skill/references/quark-live/quark-live-008/episode-analysis.md,automatic_transcription_with_analysis_not_sentence_by_sentence_verified,static_frame_review_available_not_continuous_audio_visual_review,not_verified_by_this_build
quark-live-009,直播6：为什么学习PUA后，反而变得不会把妹了｜GAME解毒｜传统情感行业的骗局 ｜真内核VS假内核,quark_local_video,,,23,23,0,0,3195,wanjia-skill/references/quark-live/quark-live-009/transcript.json,wanjia-skill/references/quark-live/quark-live-009/episode-analysis.md,automatic_transcription_with_analysis_not_sentence_by_sentence_verified,static_frame_review_available_not_continuous_audio_visual_review,not_verified_by_this_build
quark-live-010,直播2：搭讪女人如何网聊  微信聊天的目的是什么，你们聊天的痛点，微信上是如何传递潜沟通的。网聊心态,quark_local_video,,,30,30,0,0,3658,wanjia-skill/references/quark-live/quark-live-010/transcript.json,wanjia-skill/references/quark-live/quark-live-010/episode-analysis.md,automatic_transcription_with_analysis_not_sentence_by_sentence_verified,static_frame_review_available_not_continuous_audio_visual_review,not_verified_by_this_build
quark-live-011,直播10：高分妹外卖千里送,quark_local_video,,,25,25,0,0,4291,wanjia-skill/references/quark-live-batch2/quark-live-011/transcript.json,wanjia-skill/references/quark-live-batch2/quark-live-011/episode-analysis.md,automatic_transcription_with_analysis_not_sentence_by_sentence_verified,static_frame_review_available_not_continuous_audio_visual_review,not_verified_by_this_build
quark-live-012,直播12- 我是如何拿下装逼高冷正妹的，mikey在内部群的日常分享。,quark_local_video,,,34,34,0,0,2553,wanjia-skill/references/quark-live-batch2/quark-live-012/transcript.json,wanjia-skill/references/quark-live-batch2/quark-live-012/episode-analysis.md,automatic_transcription_with_analysis_not_sentence_by_sentence_verified,static_frame_review_available_not_continuous_audio_visual_review,not_verified_by_this_build
quark-live-013,直播13 我与离异少妇的爱恨情仇mikey在内部群的日常分享,quark_local_video,,,21,21,0,0,1623,wanjia-skill/references/quark-live-batch2/quark-live-013/transcript.json,wanjia-skill/references/quark-live-batch2/quark-live-013/episode-analysis.md,automatic_transcription_with_analysis_not_sentence_by_sentence_verified,static_frame_review_available_not_continuous_audio_visual_review,not_verified_by_this_build
quark-live-014,直播14-原生家庭对于把妹的影响，和mikey一起聊聊原生家庭。,quark_local_video,,,33,33,0,0,1955,wanjia-skill/references/quark-live-batch2/quark-live-014/transcript.json,wanjia-skill/references/quark-live-batch2/quark-live-014/episode-analysis.md,automatic_transcription_with_analysis_not_sentence_by_sentence_verified,static_frame_review_available_not_continuous_audio_visual_review,not_verified_by_this_build
quark-live-015,直播15-月入4000的臭屌丝的大战顶级捞女,quark_local_video,,,29,29,0,0,5075,wanjia-skill/references/quark-live-batch2/quark-live-015/transcript.json,wanjia-skill/references/quark-live-batch2/quark-live-015/episode-analysis.md,automatic_transcription_with_analysis_not_sentence_by_sentence_verified,static_frame_review_available_not_continuous_audio_visual_review,not_verified_by_this_build
quark-live-016,直播17聊天的目的 引导投资,quark_local_video,,,33,33,0,0,3925,wanjia-skill/references/quark-live-batch2/quark-live-016/transcript.json,wanjia-skill/references/quark-live-batch2/quark-live-016/episode-analysis.md,automatic_transcription_with_analysis_not_sentence_by_sentence_verified,static_frame_review_available_not_continuous_audio_visual_review,not_verified_by_this_build
quark-live-017,直播20跨省外卖 约炮南京正妹人在家中坐妞从天上来约会搭讪,quark_local_video,,,32,32,0,0,3595,wanjia-skill/references/quark-live-batch2/quark-live-017/transcript.json,wanjia-skill/references/quark-live-batch2/quark-live-017/episode-analysis.md,automatic_transcription_with_analysis_not_sentence_by_sentence_verified,static_frame_review_available_not_continuous_audio_visual_review,not_verified_by_this_build
quark-live-018,直播21大战某rapper前女友约会搭讪 ,quark_local_video,,,34,34,0,0,2867,wanjia-skill/references/quark-live-batch2/quark-live-018/transcript.json,wanjia-skill/references/quark-live-batch2/quark-live-018/episode-analysis.md,automatic_transcription_with_analysis_not_sentence_by_sentence_verified,static_frame_review_available_not_continuous_audio_visual_review,not_verified_by_this_build
quark-live-019,直播22大战黄推博主约会,quark_local_video,,,30,30,0,0,2245,wanjia-skill/references/quark-live-batch2/quark-live-019/transcript.json,wanjia-skill/references/quark-live-batch2/quark-live-019/episode-analysis.md,automatic_transcription_with_analysis_not_sentence_by_sentence_verified,static_frame_review_available_not_continuous_audio_visual_review,not_verified_by_this_build
quark-live-020,直播8：mikey讲解聊天案例 如何和女人网聊,quark_local_video,,,36,36,0,0,3719,wanjia-skill/references/quark-live-batch2/quark-live-020/transcript.json,wanjia-skill/references/quark-live-batch2/quark-live-020/episode-analysis.md,automatic_transcription_with_analysis_not_sentence_by_sentence_verified,static_frame_review_available_not_continuous_audio_visual_review,not_verified_by_this_build
quark-live-021,直播23零成本约炮18岁清纯女高外卖方法帝王长期框架建立方法约会,quark_local_video,,,24,24,0,0,3707,wanjia-skill/references/quark-live-batch3/quark-live-021/transcript.json,wanjia-skill/references/quark-live-batch3/quark-live-021/episode-analysis.md,automatic_transcription_with_analysis_not_sentence_by_sentence_verified,static_frame_review_available_not_continuous_audio_visual_review,not_verified_by_this_build
quark-live-022,直播24：把小区变成后宫最高效的得吃方法女邻居帝王长期框架建立方法约会搭讪 两性_1080p,quark_local_video,,,20,20,0,0,3313,wanjia-skill/references/quark-live-batch3/quark-live-022/transcript.json,wanjia-skill/references/quark-live-batch3/quark-live-022/episode-analysis.md,automatic_transcription_with_analysis_not_sentence_by_sentence_verified,static_frame_review_available_not_continuous_audio_visual_review,not_verified_by_this_build
quark-live-023,直播26：约炮36D眼镜妹 历史最干直播 直播约会案例讲解 解决你所有的约会问题_720p,quark_local_video,,,18,18,0,0,3168,wanjia-skill/references/quark-live-batch3/quark-live-023/transcript.json,wanjia-skill/references/quark-live-batch3/quark-live-023/episode-analysis.md,automatic_transcription_with_analysis_not_sentence_by_sentence_verified,static_frame_review_available_not_continuous_audio_visual_review,not_verified_by_this_build
quark-live-024,直播28：和绿茶女的极限拉扯 网聊讲解_720p,quark_local_video,,,10,10,0,0,2708,wanjia-skill/references/quark-live-batch3/quark-live-024/transcript.json,wanjia-skill/references/quark-live-batch3/quark-live-024/episode-analysis.md,automatic_transcription_with_analysis_not_sentence_by_sentence_verified,static_frame_review_available_not_continuous_audio_visual_review,not_verified_by_this_build
quark-live-025,直播31：识别窗口,quark_local_video,,,12,12,0,0,1839,wanjia-skill/references/quark-live-batch3/quark-live-025/transcript.json,wanjia-skill/references/quark-live-batch3/quark-live-025/episode-analysis.md,automatic_transcription_with_analysis_not_sentence_by_sentence_verified,static_frame_review_available_not_continuous_audio_visual_review,not_verified_by_this_build
quark-live-026,直播32：聊天如何 让女生主动想要,quark_local_video,,,20,20,0,0,2390,wanjia-skill/references/quark-live-batch3/quark-live-026/transcript.json,wanjia-skill/references/quark-live-batch3/quark-live-026/episode-analysis.md,automatic_transcription_with_analysis_not_sentence_by_sentence_verified,static_frame_review_available_not_continuous_audio_visual_review,not_verified_by_this_build
quark-live-027,直播33：Mikey哥 泡妞失败 公开检讨,quark_local_video,,,21,21,0,0,2945,wanjia-skill/references/quark-live-batch3/quark-live-027/transcript.json,wanjia-skill/references/quark-live-batch3/quark-live-027/episode-analysis.md,automatic_transcription_with_analysis_not_sentence_by_sentence_verified,static_frame_review_available_not_continuous_audio_visual_review,not_verified_by_this_build
quark-live-028,直播34：法国直播,quark_local_video,,,20,20,0,0,1153,wanjia-skill/references/quark-live-batch3/quark-live-028/transcript.json,wanjia-skill/references/quark-live-batch3/quark-live-028/episode-analysis.md,automatic_transcription_with_analysis_not_sentence_by_sentence_verified,static_frame_review_available_not_continuous_audio_visual_review,not_verified_by_this_build
quark-live-029,直播37：底层男性泡妞为何如此艰难,quark_local_video,,,22,22,0,0,2237,wanjia-skill/references/quark-live-batch3/quark-live-029/transcript.json,wanjia-skill/references/quark-live-batch3/quark-live-029/episode-analysis.md,automatic_transcription_with_analysis_not_sentence_by_sentence_verified,static_frame_review_available_not_continuous_audio_visual_review,not_verified_by_this_build
quark-live-030,直播38：如何掌控約會節奏，讓對方更想見你丨互動中掌握主動權丨愛情丨約會丨搭訕丨情感丨戀愛丨dati,quark_local_video,,,23,23,0,0,1928,wanjia-skill/references/quark-live-batch3/quark-live-030/transcript.json,wanjia-skill/references/quark-live-batch3/quark-live-030/episode-analysis.md,automatic_transcription_with_analysis_not_sentence_by_sentence_verified,static_frame_review_available_not_continuous_audio_visual_review,not_verified_by_this_build
quark-live-031,直播39：為什麽黑人、黃毛比你會泡妞丨愛情丨約會丨搭訕丨情感丨戀愛丨dating in china,quark_local_video,,,19,19,0,0,2694,wanjia-skill/references/quark-live-batch4/quark-live-031/transcript.json,wanjia-skill/references/quark-live-batch4/quark-live-031/episode-analysis.md,automatic_transcription_with_analysis_not_sentence_by_sentence_verified,static_frame_review_available_not_continuous_audio_visual_review,not_verified_by_this_build
quark-live-032,直播40：網聊火熱，卻約不出來丨愛情丨約會丨搭訕丨情感丨戀愛丨dating in china,quark_local_video,,,13,13,0,0,1675,wanjia-skill/references/quark-live-batch4/quark-live-032/transcript.json,wanjia-skill/references/quark-live-batch4/quark-live-032/episode-analysis.md,automatic_transcription_with_analysis_not_sentence_by_sentence_verified,static_frame_review_available_not_continuous_audio_visual_review,not_verified_by_this_build
quark-live-033,直播41：年後近況，實戰分享丨愛情丨約會丨搭訕丨情感丨戀愛丨dating in china,quark_local_video,,,17,17,0,0,1589,wanjia-skill/references/quark-live-batch4/quark-live-033/transcript.json,wanjia-skill/references/quark-live-batch4/quark-live-033/episode-analysis.md,automatic_transcription_with_analysis_not_sentence_by_sentence_verified,static_frame_review_available_not_continuous_audio_visual_review,not_verified_by_this_build
quark-live-034,直播42：該以什麽樣的心態，和女人聊天丨愛情丨約會丨搭訕丨情感丨戀愛丨dating in china,quark_local_video,,,22,22,0,0,1725,wanjia-skill/references/quark-live-batch4/quark-live-034/transcript.json,wanjia-skill/references/quark-live-batch4/quark-live-034/episode-analysis.md,automatic_transcription_with_analysis_not_sentence_by_sentence_verified,static_frame_review_available_not_continuous_audio_visual_review,not_verified_by_this_build
quark-live-035,直播48_ 一口气大战八个女生 近期网聊案例分析,quark_local_video,,,32,32,0,0,4427,wanjia-skill/references/quark-live-batch4/quark-live-035/transcript.json,wanjia-skill/references/quark-live-batch4/quark-live-035/episode-analysis.md,automatic_transcription_with_analysis_not_sentence_by_sentence_verified,static_frame_review_available_not_continuous_audio_visual_review,not_verified_by_this_build
quark-live-036,直播51_ 两性情感，近期网聊案例分析 泡妞 搭讪 约会丨搭訕玩家TV,quark_local_video,,,16,16,0,0,2572,wanjia-skill/references/quark-live-batch4/quark-live-036/transcript.json,wanjia-skill/references/quark-live-batch4/quark-live-036/episode-analysis.md,automatic_transcription_with_analysis_not_sentence_by_sentence_verified,static_frame_review_available_not_continuous_audio_visual_review,not_verified_by_this_build
quark-live-037,直播52_ 聊天中的强行为线索,quark_local_video,,,15,15,0,0,3398,wanjia-skill/references/quark-live-batch4/quark-live-037/transcript.json,wanjia-skill/references/quark-live-batch4/quark-live-037/episode-analysis.md,automatic_transcription_with_analysis_not_sentence_by_sentence_verified,static_frame_review_available_not_continuous_audio_visual_review,not_verified_by_this_build
quark-live-038,直播55_ 近期约炮案例分享 泡妞 搭讪 约会丨搭訕玩家TV,quark_local_video,,,15,15,0,0,2809,wanjia-skill/references/quark-live-batch4/quark-live-038/transcript.json,wanjia-skill/references/quark-live-batch4/quark-live-038/episode-analysis.md,automatic_transcription_with_analysis_not_sentence_by_sentence_verified,static_frame_review_available_not_continuous_audio_visual_review,not_verified_by_this_build
quark-live-039,直播56_ 网聊对抗，大战大奶案例分享 泡妞 搭讪 约会丨搭訕玩家TV,quark_local_video,,,16,16,0,0,2320,wanjia-skill/references/quark-live-batch4/quark-live-039/transcript.json,wanjia-skill/references/quark-live-batch4/quark-live-039/episode-analysis.md,automatic_transcription_with_analysis_not_sentence_by_sentence_verified,static_frame_review_available_not_continuous_audio_visual_review,not_verified_by_this_build
quark-live-040,直播63_ 被女神发现用过的避孕套丨 案例分享 丨搭訕玩家TV,quark_local_video,,,19,19,0,0,3592,wanjia-skill/references/quark-live-batch4/quark-live-040/transcript.json,wanjia-skill/references/quark-live-batch4/quark-live-040/episode-analysis.md,automatic_transcription_with_analysis_not_sentence_by_sentence_verified,static_frame_review_available_not_continuous_audio_visual_review,not_verified_by_this_build
quark-live-041,直播64_ 时长三年的网聊，从黄灯转绿灯丨MIKEY的梦中情人丨 案例分享 丨搭訕玩家TV,quark_local_video,,,5,5,0,0,3031,wanjia-skill/references/quark-live-batch5/quark-live-041/transcript.json,wanjia-skill/references/quark-live-batch5/quark-live-041/episode-analysis.md,automatic_transcription_with_analysis_not_sentence_by_sentence_verified,static_frame_review_available_not_continuous_audio_visual_review,not_verified_by_this_build
quark-live-042,直播66_ 一场约会，收尾A9富婆丨MIKEY的约会日常丨 案例分享 丨搭訕玩家TV,quark_local_video,,,5,5,0,0,1908,wanjia-skill/references/quark-live-batch5/quark-live-042/transcript.json,wanjia-skill/references/quark-live-batch5/quark-live-042/episode-analysis.md,automatic_transcription_with_analysis_not_sentence_by_sentence_verified,static_frame_review_available_not_continuous_audio_visual_review,not_verified_by_this_build
quark-live-043,直播67_ 猫线理论，约P性压抑正妹丨MIKEY的约会日常丨 案例分享 丨搭訕玩家TV,quark_local_video,,,5,5,0,0,2133,wanjia-skill/references/quark-live-batch5/quark-live-043/transcript.json,wanjia-skill/references/quark-live-batch5/quark-live-043/episode-analysis.md,automatic_transcription_with_analysis_not_sentence_by_sentence_verified,static_frame_review_available_not_continuous_audio_visual_review,not_verified_by_this_build
quark-live-044,直播71_上海把妹体验分享 丨案例分享 丨搭訕玩家TV,quark_local_video,,,5,5,0,0,2519,wanjia-skill/references/quark-live-batch5/quark-live-044/transcript.json,wanjia-skill/references/quark-live-batch5/quark-live-044/episode-analysis.md,automatic_transcription_with_analysis_not_sentence_by_sentence_verified,static_frame_review_available_not_continuous_audio_visual_review,not_verified_by_this_build
quark-live-045,直播73_ 如何和绿茶女博弈，直播答疑 泡妞 搭讪 约会丨搭訕玩家TV,quark_local_video,,,5,5,0,0,2764,wanjia-skill/references/quark-live-batch5/quark-live-045/transcript.json,wanjia-skill/references/quark-live-batch5/quark-live-045/episode-analysis.md,automatic_transcription_with_analysis_not_sentence_by_sentence_verified,static_frame_review_available_not_continuous_audio_visual_review,not_verified_by_this_build
quark-live-046,直播76_从搭讪到约炮.....直播打电话 聊骚,quark_local_video,,,5,5,0,0,2617,wanjia-skill/references/quark-live-batch5/quark-live-046/transcript.json,wanjia-skill/references/quark-live-batch5/quark-live-046/episode-analysis.md,automatic_transcription_with_analysis_not_sentence_by_sentence_verified,static_frame_review_available_not_continuous_audio_visual_review,not_verified_by_this_build
quark-live-047,直播78：从被单删到打炮……mikey案例解析 聊骚丨搭訕玩家TV,quark_local_video,,,8,8,0,0,2261,wanjia-skill/references/quark-live-batch5/quark-live-047/transcript.json,wanjia-skill/references/quark-live-batch5/quark-live-047/episode-analysis.md,automatic_transcription_with_analysis_not_sentence_by_sentence_verified,static_frame_review_available_not_continuous_audio_visual_review,not_verified_by_this_build
quark-live-048,直播85：又被删了...,quark_local_video,,,9,9,0,0,2828,wanjia-skill/references/quark-live-batch5/quark-live-048/transcript.json,wanjia-skill/references/quark-live-batch5/quark-live-048/episode-analysis.md,automatic_transcription_with_analysis_not_sentence_by_sentence_verified,static_frame_review_available_not_continuous_audio_visual_review,not_verified_by_this_build
quark-live-049,直播86：网聊精讲,quark_local_video,,,8,8,0,0,2363,wanjia-skill/references/quark-live-batch5/quark-live-049/transcript.json,wanjia-skill/references/quark-live-batch5/quark-live-049/episode-analysis.md,automatic_transcription_with_analysis_not_sentence_by_sentence_verified,static_frame_review_available_not_continuous_audio_visual_review,not_verified_by_this_build
quark-live-050,直播87_跨年直播,quark_local_video,,,8,8,0,0,1155,wanjia-skill/references/quark-live-batch5/quark-live-050/transcript.json,wanjia-skill/references/quark-live-batch5/quark-live-050/episode-analysis.md,automatic_transcription_with_analysis_not_sentence_by_sentence_verified,static_frame_review_available_not_continuous_audio_visual_review,not_verified_by_this_build
quark-live-051,直播92_掌声有请Tinder王 频道：社交软件之神Tinder王,quark_local_video,,,12,7,5,0,1963,wanjia-skill/references/quark-live-batch5/quark-live-051/transcript.json,wanjia-skill/references/quark-live-batch5/quark-live-051/episode-analysis.md,automatic_transcription_with_analysis_not_sentence_by_sentence_verified,static_frame_review_available_not_continuous_audio_visual_review,not_verified_by_this_build
mikey-practice-001,搭讪西装正妹，快速带回家,local_practice_video,,,6,6,0,0,162,wanjia-skill/references/mikey-practice/mikey-practice-001/transcript.json,wanjia-skill/references/mikey-practice/mikey-practice-001/episode-analysis.md,automatic_transcription_with_analysis_not_sentence_by_sentence_verified,sampled_frame_review_available_not_continuous_audio_visual_review,not_verified_by_this_build
mikey-practice-002,一约拿下假兴趣女（精讲系列）,local_practice_video,,,19,19,0,0,872,wanjia-skill/references/mikey-practice/mikey-practice-002/transcript.json,wanjia-skill/references/mikey-practice/mikey-practice-002/episode-analysis.md,automatic_transcription_with_analysis_not_sentence_by_sentence_verified,sampled_frame_review_available_not_continuous_audio_visual_review,not_verified_by_this_build
mikey-practice-003,一约拿下震动玩具女网红,local_practice_video,,,6,6,0,0,402,wanjia-skill/references/mikey-practice/mikey-practice-003/transcript.json,wanjia-skill/references/mikey-practice/mikey-practice-003/episode-analysis.md,automatic_transcription_with_analysis_not_sentence_by_sentence_verified,sampled_frame_review_available_not_continuous_audio_visual_review,not_verified_by_this_build
mikey-practice-004,一约会拿下 A9富婆,local_practice_video,,,7,7,0,0,313,wanjia-skill/references/mikey-practice/mikey-practice-004/transcript.json,wanjia-skill/references/mikey-practice/mikey-practice-004/episode-analysis.md,automatic_transcription_with_analysis_not_sentence_by_sentence_verified,sampled_frame_review_available_not_continuous_audio_visual_review,not_verified_by_this_build
mikey-practice-005,一约拿下36D顶美 必看,local_practice_video,,,11,11,0,0,693,wanjia-skill/references/mikey-practice/mikey-practice-005/transcript.json,wanjia-skill/references/mikey-practice/mikey-practice-005/episode-analysis.md,automatic_transcription_with_analysis_not_sentence_by_sentence_verified,sampled_frame_review_available_not_continuous_audio_visual_review,not_verified_by_this_build
mikey-practice-006,一约拿下 英国清冷顶美（必看系列）,local_practice_video,,,10,10,0,0,805,wanjia-skill/references/mikey-practice/mikey-practice-006/transcript.json,wanjia-skill/references/mikey-practice/mikey-practice-006/episode-analysis.md,automatic_transcription_with_analysis_not_sentence_by_sentence_verified,sampled_frame_review_available_not_continuous_audio_visual_review,not_verified_by_this_build
mikey-practice-007,一约拿下 极限约会拿下英国利兹留学富家女,local_practice_video,,,10,10,0,0,630,wanjia-skill/references/mikey-practice/mikey-practice-007/transcript.json,wanjia-skill/references/mikey-practice/mikey-practice-007/episode-analysis.md,automatic_transcription_with_analysis_not_sentence_by_sentence_verified,sampled_frame_review_available_not_continuous_audio_visual_review,not_verified_by_this_build
mikey-practice-008,一约拿下模特比例顶美 巧舌如簧的秘诀,local_practice_video,,,11,11,0,0,414,wanjia-skill/references/mikey-practice/mikey-practice-008/transcript.json,wanjia-skill/references/mikey-practice/mikey-practice-008/episode-analysis.md,automatic_transcription_with_analysis_not_sentence_by_sentence_verified,sampled_frame_review_available_not_continuous_audio_visual_review,not_verified_by_this_build
mikey-practice-009,一约拿下马术富家女,local_practice_video,,,18,18,0,0,1736,wanjia-skill/references/mikey-practice/mikey-practice-009/transcript.json,wanjia-skill/references/mikey-practice/mikey-practice-009/episode-analysis.md,automatic_transcription_with_analysis_not_sentence_by_sentence_verified,sampled_frame_review_available_not_continuous_audio_visual_review,not_verified_by_this_build
mikey-practice-010,一约拿下超模,local_practice_video,,,14,14,0,0,300,wanjia-skill/references/mikey-practice/mikey-practice-010/transcript.json,wanjia-skill/references/mikey-practice/mikey-practice-010/episode-analysis.md,automatic_transcription_with_analysis_not_sentence_by_sentence_verified,sampled_frame_review_available_not_continuous_audio_visual_review,not_verified_by_this_build
mikey-practice-011,一约拿下少妇 约会全程一刀未剪,local_practice_video,,,16,16,0,0,1567,wanjia-skill/references/mikey-practice/mikey-practice-011/transcript.json,wanjia-skill/references/mikey-practice/mikey-practice-011/episode-analysis.md,automatic_transcription_with_analysis_not_sentence_by_sentence_verified,sampled_frame_review_available_not_continuous_audio_visual_review,not_verified_by_this_build
mikey-practice-012,一约拿下双马尾（精讲系列）,local_practice_video,,,18,18,0,0,775,wanjia-skill/references/mikey-practice/mikey-practice-012/transcript.json,wanjia-skill/references/mikey-practice/mikey-practice-012/episode-analysis.md,automatic_transcription_with_analysis_not_sentence_by_sentence_verified,sampled_frame_review_available_not_continuous_audio_visual_review,not_verified_by_this_build
mikey-practice-013,一约拿下 25分钟光速TD顶美 行业巅峰,local_practice_video,,,11,11,0,0,537,wanjia-skill/references/mikey-practice/mikey-practice-013/transcript.json,wanjia-skill/references/mikey-practice/mikey-practice-013/episode-analysis.md,automatic_transcription_with_analysis_not_sentence_by_sentence_verified,sampled_frame_review_available_not_continuous_audio_visual_review,not_verified_by_this_build
mikey-practice-014,一约拿下 25分钟光速TD顶美（完整版）,local_practice_video,,,11,11,0,0,521,wanjia-skill/references/mikey-practice/mikey-practice-014/transcript.json,wanjia-skill/references/mikey-practice/mikey-practice-014/episode-analysis.md,automatic_transcription_with_analysis_not_sentence_by_sentence_verified,sampled_frame_review_available_not_continuous_audio_visual_review,not_verified_by_this_build
mikey-practice-015,一约拿下 从搭讪到拿下的全过程 可爱女生,local_practice_video,,,11,11,0,0,259,wanjia-skill/references/mikey-practice/mikey-practice-015/transcript.json,wanjia-skill/references/mikey-practice/mikey-practice-015/episode-analysis.md,automatic_transcription_with_analysis_not_sentence_by_sentence_verified,sampled_frame_review_available_not_continuous_audio_visual_review,not_verified_by_this_build
mikey-practice-016,一约拿下 从搭讪到拿下 全流程,local_practice_video,,,26,26,0,0,470,wanjia-skill/references/mikey-practice/mikey-practice-016/transcript.json,wanjia-skill/references/mikey-practice/mikey-practice-016/episode-analysis.md,automatic_transcription_with_analysis_not_sentence_by_sentence_verified,sampled_frame_review_available_not_continuous_audio_visual_review,not_verified_by_this_build
mikey-practice-017,街头搭讪把陌生女生带回酒店（纯享版 一刀未剪）,local_practice_video,,,13,13,0,0,162,wanjia-skill/references/mikey-practice/mikey-practice-017/transcript.json,wanjia-skill/references/mikey-practice/mikey-practice-017/episode-analysis.md,automatic_transcription_with_analysis_not_sentence_by_sentence_verified,sampled_frame_review_available_not_continuous_audio_visual_review,not_verified_by_this_build
mikey-practice-018,街头搭讪陌生女生转场酒店TD 线下课现场示范,local_practice_video,,,21,21,0,0,581,wanjia-skill/references/mikey-practice/mikey-practice-018/transcript.json,wanjia-skill/references/mikey-practice/mikey-practice-018/episode-analysis.md,automatic_transcription_with_analysis_not_sentence_by_sentence_verified,sampled_frame_review_available_not_continuous_audio_visual_review,not_verified_by_this_build
mikey-practice-019,一约拿下富家女破防求着想要,local_practice_video,,,16,16,0,0,257,wanjia-skill/references/mikey-practice/mikey-practice-019/transcript.json,wanjia-skill/references/mikey-practice/mikey-practice-019/episode-analysis.md,automatic_transcription_with_analysis_not_sentence_by_sentence_verified,sampled_frame_review_available_not_continuous_audio_visual_review,not_verified_by_this_build
mikey-practice-020,一约拿下 长沙富家女（精讲系列）,local_practice_video,,,20,20,0,0,805,wanjia-skill/references/mikey-practice/mikey-practice-020/transcript.json,wanjia-skill/references/mikey-practice/mikey-practice-020/episode-analysis.md,automatic_transcription_with_analysis_not_sentence_by_sentence_verified,sampled_frame_review_available_not_continuous_audio_visual_review,not_verified_by_this_build
mikey-practice-021,一约拿下甜妹,local_practice_video,,,13,13,0,0,955,wanjia-skill/references/mikey-practice/mikey-practice-021/transcript.json,wanjia-skill/references/mikey-practice/mikey-practice-021/episode-analysis.md,automatic_transcription_with_analysis_not_sentence_by_sentence_verified,sampled_frame_review_available_not_continuous_audio_visual_review,not_verified_by_this_build
mikey-practice-022,一约拿下172艺术留学生,local_practice_video,,,13,13,0,0,957,wanjia-skill/references/mikey-practice/mikey-practice-022/transcript.json,wanjia-skill/references/mikey-practice/mikey-practice-022/episode-analysis.md,automatic_transcription_with_analysis_not_sentence_by_sentence_verified,sampled_frame_review_available_not_continuous_audio_visual_review,not_verified_by_this_build
mikey-practice-023,一约拿下留学艺术生完整版 一刀未剪,local_practice_video,,,16,16,0,0,1489,wanjia-skill/references/mikey-practice/mikey-practice-023/transcript.json,wanjia-skill/references/mikey-practice/mikey-practice-023/episode-analysis.md,automatic_transcription_with_analysis_not_sentence_by_sentence_verified,sampled_frame_review_available_not_continuous_audio_visual_review,not_verified_by_this_build
mikey-practice-024,一约拿下 美国名校留学生（精讲系列）,local_practice_video,,,17,17,0,0,627,wanjia-skill/references/mikey-practice/mikey-practice-024/transcript.json,wanjia-skill/references/mikey-practice/mikey-practice-024/episode-analysis.md,automatic_transcription_with_analysis_not_sentence_by_sentence_verified,sampled_frame_review_available_not_continuous_audio_visual_review,not_verified_by_this_build
mikey-practice-025,一约拿下 私密空间调情拿下河北正妹,local_practice_video,,,11,11,0,0,716,wanjia-skill/references/mikey-practice/mikey-practice-025/transcript.json,wanjia-skill/references/mikey-practice/mikey-practice-025/episode-analysis.md,automatic_transcription_with_analysis_not_sentence_by_sentence_verified,sampled_frame_review_available_not_continuous_audio_visual_review,not_verified_by_this_build
mikey-practice-026,一约拿下 夜店搭讪甜美萌妹视觉系，直接带回家收尾,local_practice_video,,,6,6,0,0,196,wanjia-skill/references/mikey-practice/mikey-practice-026/transcript.json,wanjia-skill/references/mikey-practice/mikey-practice-026/episode-analysis.md,automatic_transcription_with_analysis_not_sentence_by_sentence_verified,sampled_frame_review_available_not_continuous_audio_visual_review,not_verified_by_this_build
mikey-practice-027,打扮成屌丝搭讪也能收尾？,local_practice_video,,,9,9,0,0,87,wanjia-skill/references/mikey-practice/mikey-practice-027/transcript.json,wanjia-skill/references/mikey-practice/mikey-practice-027/episode-analysis.md,automatic_transcription_with_analysis_not_sentence_by_sentence_verified,sampled_frame_review_available_not_continuous_audio_visual_review,not_verified_by_this_build
mikey-practice-029,一约拿下 酒桌游戏玩法 全程一刀未剪,local_practice_video,,,15,15,0,0,1617,wanjia-skill/references/mikey-practice/mikey-practice-029/transcript.json,wanjia-skill/references/mikey-practice/mikey-practice-029/episode-analysis.md,automatic_transcription_with_analysis_not_sentence_by_sentence_verified,sampled_frame_review_available_not_continuous_audio_visual_review,not_verified_by_this_build
mikey-practice-030,一约拿下 搭讪即时约会 全过程,local_practice_video,,,14,14,0,0,403,wanjia-skill/references/mikey-practice/mikey-practice-030/transcript.json,wanjia-skill/references/mikey-practice/mikey-practice-030/episode-analysis.md,automatic_transcription_with_analysis_not_sentence_by_sentence_verified,sampled_frame_review_available_not_continuous_audio_visual_review,not_verified_by_this_build
mikey-practice-031,一约拿下闷骚女（精讲系列）,local_practice_video,,,22,22,0,0,585,wanjia-skill/references/mikey-practice/mikey-practice-031/transcript.json,wanjia-skill/references/mikey-practice/mikey-practice-031/episode-analysis.md,automatic_transcription_with_analysis_not_sentence_by_sentence_verified,sampled_frame_review_available_not_continuous_audio_visual_review,not_verified_by_this_build
mikey-practice-032,一约拿下保守女人,local_practice_video,,,26,26,0,0,1630,wanjia-skill/references/mikey-practice/mikey-practice-032/transcript.json,wanjia-skill/references/mikey-practice/mikey-practice-032/episode-analysis.md,automatic_transcription_with_analysis_not_sentence_by_sentence_verified,sampled_frame_review_available_not_continuous_audio_visual_review,not_verified_by_this_build
mikey-practice-033,一约拿下抖音小网红（精讲系列）,local_practice_video,,,21,21,0,0,1142,wanjia-skill/references/mikey-practice/mikey-practice-033/transcript.json,wanjia-skill/references/mikey-practice/mikey-practice-033/episode-analysis.md,automatic_transcription_with_analysis_not_sentence_by_sentence_verified,sampled_frame_review_available_not_continuous_audio_visual_review,not_verified_by_this_build
mikey-practice-034,一约拿下排球运动员,local_practice_video,,,22,22,0,0,1261,wanjia-skill/references/mikey-practice/mikey-practice-034/transcript.json,wanjia-skill/references/mikey-practice/mikey-practice-034/episode-analysis.md,automatic_transcription_with_analysis_not_sentence_by_sentence_verified,sampled_frame_review_available_not_continuous_audio_visual_review,not_verified_by_this_build
mikey-practice-035,一约拿下小绿茶全流程,local_practice_video,,,25,25,0,0,945,wanjia-skill/references/mikey-practice/mikey-practice-035/transcript.json,wanjia-skill/references/mikey-practice/mikey-practice-035/episode-analysis.md,automatic_transcription_with_analysis_not_sentence_by_sentence_verified,sampled_frame_review_available_not_continuous_audio_visual_review,not_verified_by_this_build
mikey-practice-036,一约拿下SM教主,local_practice_video,,,27,27,0,0,920,wanjia-skill/references/mikey-practice/mikey-practice-036/transcript.json,wanjia-skill/references/mikey-practice/mikey-practice-036/episode-analysis.md,automatic_transcription_with_analysis_not_sentence_by_sentence_verified,sampled_frame_review_available_not_continuous_audio_visual_review,not_verified_by_this_build
mikey-practice-037,一约拿下嫩妹学生 白天约会,local_practice_video,,,29,29,0,0,802,wanjia-skill/references/mikey-practice/mikey-practice-037/transcript.json,wanjia-skill/references/mikey-practice/mikey-practice-037/episode-analysis.md,automatic_transcription_with_analysis_not_sentence_by_sentence_verified,sampled_frame_review_available_not_continuous_audio_visual_review,not_verified_by_this_build
mikey-practice-038,38.如何一次约会全垒打（内含实战讲解）.mp4,local_practice_video,,,32,32,0,0,605,wanjia-skill/references/mikey-practice/mikey-practice-038/transcript.json,wanjia-skill/references/mikey-practice/mikey-practice-038/episode-analysis.md,automatic_transcription_with_analysis_not_sentence_by_sentence_verified,sampled_frame_review_available_not_continuous_audio_visual_review,not_verified_by_this_build
mikey-practice-039,39.深圳学员搭讪失败 我上阵全垒打.mp4,local_practice_video,,,27,27,0,0,429,wanjia-skill/references/mikey-practice/mikey-practice-039/transcript.json,wanjia-skill/references/mikey-practice/mikey-practice-039/episode-analysis.md,automatic_transcription_with_analysis_not_sentence_by_sentence_verified,sampled_frame_review_available_not_continuous_audio_visual_review,not_verified_by_this_build
mikey-practice-040,40.一约拿下 深圳外卖女生到酒店.mp4,local_practice_video,,,29,29,0,0,609,wanjia-skill/references/mikey-practice/mikey-practice-040/transcript.json,wanjia-skill/references/mikey-practice/mikey-practice-040/episode-analysis.md,automatic_transcription_with_analysis_not_sentence_by_sentence_verified,sampled_frame_review_available_not_continuous_audio_visual_review,not_verified_by_this_build
mikey-practice-041,一约拿下C,local_practice_video,,,16,16,0,0,951,wanjia-skill/references/mikey-practice/mikey-practice-041/transcript.json,wanjia-skill/references/mikey-practice/mikey-practice-041/episode-analysis.md,automatic_transcription_with_analysis_not_sentence_by_sentence_verified,sampled_frame_review_available_not_continuous_audio_visual_review,not_verified_by_this_build
mikey-practice-042,一约拿下 一品啤酒 帮忙破C,local_practice_video,,,17,17,0,0,615,wanjia-skill/references/mikey-practice/mikey-practice-042/transcript.json,wanjia-skill/references/mikey-practice/mikey-practice-042/episode-analysis.md,automatic_transcription_with_analysis_not_sentence_by_sentence_verified,sampled_frame_review_available_not_continuous_audio_visual_review,not_verified_by_this_build
mikey-practice-043,一约拿下歌剧女（精讲系列）,local_practice_video,,,13,13,0,0,503,wanjia-skill/references/mikey-practice/mikey-practice-043/transcript.json,wanjia-skill/references/mikey-practice/mikey-practice-043/episode-analysis.md,automatic_transcription_with_analysis_not_sentence_by_sentence_verified,sampled_frame_review_available_not_continuous_audio_visual_review,not_verified_by_this_build
mikey-practice-044,搭讪可爱清纯女生，一天之内拿下,local_practice_video,,,24,24,0,0,265,wanjia-skill/references/mikey-practice/mikey-practice-044/transcript.json,wanjia-skill/references/mikey-practice/mikey-practice-044/episode-analysis.md,automatic_transcription_with_analysis_not_sentence_by_sentence_verified,sampled_frame_review_available_not_continuous_audio_visual_review,not_verified_by_this_build
mikey-approach-002,太古里搭讪御姐,local_dashan_video,,,3,3,0,0,79,wanjia-skill/references/dashan/mikey-approach-002/transcript.json,wanjia-skill/references/dashan/mikey-approach-002/episode-analysis.md,automatic_transcription_with_analysis_not_sentence_by_sentence_verified,sampled_and_targeted_frame_review_available_not_continuous_audio_visual_review,not_verified_by_this_build
mikey-approach-003,Mikey搭讪一日Vlog,local_dashan_video,,,12,12,0,0,413,wanjia-skill/references/dashan/mikey-approach-003/transcript.json,wanjia-skill/references/dashan/mikey-approach-003/episode-analysis.md,automatic_transcription_with_analysis_not_sentence_by_sentence_verified,sampled_and_targeted_frame_review_available_not_continuous_audio_visual_review,not_verified_by_this_build
mikey-approach-004,搭讪的真实成功率 十连搭,local_dashan_video,,,11,11,0,0,312,wanjia-skill/references/dashan/mikey-approach-004/transcript.json,wanjia-skill/references/dashan/mikey-approach-004/episode-analysis.md,automatic_transcription_with_analysis_not_sentence_by_sentence_verified,sampled_and_targeted_frame_review_available_not_continuous_audio_visual_review,not_verified_by_this_build
mikey-approach-006,香港搭讪女生一刀未剪,local_dashan_video,,,10,10,0,0,319,wanjia-skill/references/dashan/mikey-approach-006/transcript.json,wanjia-skill/references/dashan/mikey-approach-006/episode-analysis.md,automatic_transcription_with_analysis_not_sentence_by_sentence_verified,sampled_and_targeted_frame_review_available_not_continuous_audio_visual_review,not_verified_by_this_build
mikey-approach-007,cosmo一刀未剪搭讪,local_dashan_video,,,6,6,0,0,274,wanjia-skill/references/dashan/mikey-approach-007/transcript.json,wanjia-skill/references/dashan/mikey-approach-007/episode-analysis.md,automatic_transcription_with_analysis_not_sentence_by_sentence_verified,sampled_and_targeted_frame_review_available_not_continuous_audio_visual_review,not_verified_by_this_build
mikey-approach-009,保安阻碍搭讪，依然不受影响,local_dashan_video,,,3,3,0,0,29,wanjia-skill/references/dashan/mikey-approach-009/transcript.json,wanjia-skill/references/dashan/mikey-approach-009/episode-analysis.md,automatic_transcription_with_analysis_not_sentence_by_sentence_verified,sampled_and_targeted_frame_review_available_not_continuous_audio_visual_review,not_verified_by_this_build
mikey-approach-010,搭讪日常3,local_dashan_video,,,5,5,0,0,77,wanjia-skill/references/dashan/mikey-approach-010/transcript.json,wanjia-skill/references/dashan/mikey-approach-010/episode-analysis.md,automatic_transcription_with_analysis_not_sentence_by_sentence_verified,sampled_and_targeted_frame_review_available_not_continuous_audio_visual_review,not_verified_by_this_build
mikey-approach-011,搭讪中的松弛感,local_dashan_video,,,7,7,0,0,239,wanjia-skill/references/dashan/mikey-approach-011/transcript.json,wanjia-skill/references/dashan/mikey-approach-011/episode-analysis.md,automatic_transcription_with_analysis_not_sentence_by_sentence_verified,sampled_and_targeted_frame_review_available_not_continuous_audio_visual_review,not_verified_by_this_build
mikey-approach-012,打扮成屌丝搭讪,local_dashan_video,,,9,9,0,0,310,wanjia-skill/references/dashan/mikey-approach-012/transcript.json,wanjia-skill/references/dashan/mikey-approach-012/episode-analysis.md,automatic_transcription_with_analysis_not_sentence_by_sentence_verified,sampled_and_targeted_frame_review_available_not_continuous_audio_visual_review,not_verified_by_this_build
mikey-approach-014,搭讪已婚少妇，神级反转,local_dashan_video,,,6,6,0,0,184,wanjia-skill/references/dashan/mikey-approach-014/transcript.json,wanjia-skill/references/dashan/mikey-approach-014/episode-analysis.md,automatic_transcription_with_analysis_not_sentence_by_sentence_verified,sampled_and_targeted_frame_review_available_not_continuous_audio_visual_review,not_verified_by_this_build
mikey-approach-015,搭讪玩家PK浪迹情感（上）,local_dashan_video,,,7,7,0,0,935,wanjia-skill/references/dashan/mikey-approach-015/transcript.json,wanjia-skill/references/dashan/mikey-approach-015/episode-analysis.md,automatic_transcription_with_analysis_not_sentence_by_sentence_verified,sampled_and_targeted_frame_review_available_not_continuous_audio_visual_review,not_verified_by_this_build
mikey-approach-016,搭讪玩家PK浪迹情感（下）,local_dashan_video,,,6,6,0,0,429,wanjia-skill/references/dashan/mikey-approach-016/transcript.json,wanjia-skill/references/dashan/mikey-approach-016/episode-analysis.md,automatic_transcription_with_analysis_not_sentence_by_sentence_verified,sampled_and_targeted_frame_review_available_not_continuous_audio_visual_review,not_verified_by_this_build
mikey-approach-017,搭讪甜妹,local_dashan_video,,,4,4,0,0,70,wanjia-skill/references/dashan/mikey-approach-017/transcript.json,wanjia-skill/references/dashan/mikey-approach-017/episode-analysis.md,automatic_transcription_with_analysis_not_sentence_by_sentence_verified,sampled_and_targeted_frame_review_available_not_continuous_audio_visual_review,not_verified_by_this_build
mikey-approach-018,地铁看到自己喜欢的女生怎么办？,local_dashan_video,,,7,7,0,0,202,wanjia-skill/references/dashan/mikey-approach-018/transcript.json,wanjia-skill/references/dashan/mikey-approach-018/episode-analysis.md,automatic_transcription_with_analysis_not_sentence_by_sentence_verified,sampled_and_targeted_frame_review_available_not_continuous_audio_visual_review,not_verified_by_this_build
mikey-approach-020,香港搭讪戴耳机,local_dashan_video,,,6,6,0,0,81,wanjia-skill/references/dashan/mikey-approach-020/transcript.json,wanjia-skill/references/dashan/mikey-approach-020/episode-analysis.md,automatic_transcription_with_analysis_not_sentence_by_sentence_verified,sampled_and_targeted_frame_review_available_not_continuous_audio_visual_review,not_verified_by_this_build
mikey-approach-021,新加坡南洋理工大学搭讪,local_dashan_video,,,9,9,0,0,435,wanjia-skill/references/dashan/mikey-approach-021/transcript.json,wanjia-skill/references/dashan/mikey-approach-021/episode-analysis.md,automatic_transcription_with_analysis_not_sentence_by_sentence_verified,sampled_and_targeted_frame_review_available_not_continuous_audio_visual_review,not_verified_by_this_build
mikey-approach-022,搭讪女人不被吓到的秘诀：亲和力,local_dashan_video,,,4,4,0,0,45,wanjia-skill/references/dashan/mikey-approach-022/transcript.json,wanjia-skill/references/dashan/mikey-approach-022/episode-analysis.md,automatic_transcription_with_analysis_not_sentence_by_sentence_verified,sampled_and_targeted_frame_review_available_not_continuous_audio_visual_review,not_verified_by_this_build
mikey-approach-023,搭讪翘臀学妹,local_dashan_video,,,5,5,0,0,67,wanjia-skill/references/dashan/mikey-approach-023/transcript.json,wanjia-skill/references/dashan/mikey-approach-023/episode-analysis.md,automatic_transcription_with_analysis_not_sentence_by_sentence_verified,sampled_and_targeted_frame_review_available_not_continuous_audio_visual_review,not_verified_by_this_build
mikey-approach-024,搭讪如何即时约会,local_dashan_video,,,3,3,0,0,37,wanjia-skill/references/dashan/mikey-approach-024/transcript.json,wanjia-skill/references/dashan/mikey-approach-024/episode-analysis.md,automatic_transcription_with_analysis_not_sentence_by_sentence_verified,sampled_and_targeted_frame_review_available_not_continuous_audio_visual_review,not_verified_by_this_build
mikey-approach-025,搭讪上钩的重要性,local_dashan_video,,,8,8,0,0,263,wanjia-skill/references/dashan/mikey-approach-025/transcript.json,wanjia-skill/references/dashan/mikey-approach-025/episode-analysis.md,automatic_transcription_with_analysis_not_sentence_by_sentence_verified,sampled_and_targeted_frame_review_available_not_continuous_audio_visual_review,not_verified_by_this_build
mikey-approach-027,线下课亲自带学员感受搭讪,local_dashan_video,,,9,9,0,0,244,wanjia-skill/references/dashan/mikey-approach-027/transcript.json,wanjia-skill/references/dashan/mikey-approach-027/episode-analysis.md,automatic_transcription_with_analysis_not_sentence_by_sentence_verified,sampled_and_targeted_frame_review_available_not_continuous_audio_visual_review,not_verified_by_this_build
mikey-approach-028,搭讪日常,local_dashan_video,,,4,4,0,0,33,wanjia-skill/references/dashan/mikey-approach-028/transcript.json,wanjia-skill/references/dashan/mikey-approach-028/episode-analysis.md,automatic_transcription_with_analysis_not_sentence_by_sentence_verified,sampled_and_targeted_frame_review_available_not_continuous_audio_visual_review,not_verified_by_this_build
mikey-approach-029,搭讪日常4,local_dashan_video,,,4,4,0,0,53,wanjia-skill/references/dashan/mikey-approach-029/transcript.json,wanjia-skill/references/dashan/mikey-approach-029/episode-analysis.md,automatic_transcription_with_analysis_not_sentence_by_sentence_verified,sampled_and_targeted_frame_review_available_not_continuous_audio_visual_review,not_verified_by_this_build
mikey-gameshengjing-000,搭讪玩家Game圣经-前言,local_gameshengjing_video,,,4,4,0,0,93,wanjia-skill/references/gameshengjing/mikey-gameshengjing-000/transcript.json,wanjia-skill/references/gameshengjing/mikey-gameshengjing-000/episode-analysis.md,automatic_transcription_with_analysis_not_sentence_by_sentence_verified,sampled_and_targeted_frame_review_available_not_continuous_audio_visual_review,not_verified_by_this_build
mikey-gameshengjing-001,第一章 三伪神（这个世界束缚你的三尊伪神）,local_gameshengjing_video,,,5,5,0,0,291,wanjia-skill/references/gameshengjing/mikey-gameshengjing-001/transcript.json,wanjia-skill/references/gameshengjing/mikey-gameshengjing-001/episode-analysis.md,automatic_transcription_with_analysis_not_sentence_by_sentence_verified,sampled_and_targeted_frame_review_available_not_continuous_audio_visual_review,not_verified_by_this_build
mikey-gameshengjing-002,第二章 外在价值（如何得到更高质量的女人）,local_gameshengjing_video,,,4,4,0,0,207,wanjia-skill/references/gameshengjing/mikey-gameshengjing-002/transcript.json,wanjia-skill/references/gameshengjing/mikey-gameshengjing-002/episode-analysis.md,automatic_transcription_with_analysis_not_sentence_by_sentence_verified,sampled_and_targeted_frame_review_available_not_continuous_audio_visual_review,not_verified_by_this_build
mikey-gameshengjing-003,第三章 内在价值（女人最无法抗拒哪种男人）,local_gameshengjing_video,,,4,4,0,0,200,wanjia-skill/references/gameshengjing/mikey-gameshengjing-003/transcript.json,wanjia-skill/references/gameshengjing/mikey-gameshengjing-003/episode-analysis.md,automatic_transcription_with_analysis_not_sentence_by_sentence_verified,sampled_and_targeted_frame_review_available_not_continuous_audio_visual_review,not_verified_by_this_build
mikey-gameshengjing-004,第四章 自我（让女人对你饥渴的关键）,local_gameshengjing_video,,,3,3,0,0,172,wanjia-skill/references/gameshengjing/mikey-gameshengjing-004/transcript.json,wanjia-skill/references/gameshengjing/mikey-gameshengjing-004/episode-analysis.md,automatic_transcription_with_analysis_not_sentence_by_sentence_verified,sampled_and_targeted_frame_review_available_not_continuous_audio_visual_review,not_verified_by_this_build
mikey-gameshengjing-005,第五章 你为什么没有约会（关于你为什么没有约会）,local_gameshengjing_video,,,3,3,0,0,210,wanjia-skill/references/gameshengjing/mikey-gameshengjing-005/transcript.json,wanjia-skill/references/gameshengjing/mikey-gameshengjing-005/episode-analysis.md,automatic_transcription_with_analysis_not_sentence_by_sentence_verified,sampled_and_targeted_frame_review_available_not_continuous_audio_visual_review,not_verified_by_this_build
mikey-gameshengjing-006,第六章 资源获取（如何大批量收号）,local_gameshengjing_video,,,4,4,0,0,291,wanjia-skill/references/gameshengjing/mikey-gameshengjing-006/transcript.json,wanjia-skill/references/gameshengjing/mikey-gameshengjing-006/episode-analysis.md,automatic_transcription_with_analysis_not_sentence_by_sentence_verified,sampled_and_targeted_frame_review_available_not_continuous_audio_visual_review,not_verified_by_this_build
mikey-gameshengjing-007,第七章 朋友圈怎么发能拥有超高线上吸引,local_gameshengjing_video,,,3,3,0,0,285,wanjia-skill/references/gameshengjing/mikey-gameshengjing-007/transcript.json,wanjia-skill/references/gameshengjing/mikey-gameshengjing-007/episode-analysis.md,automatic_transcription_with_analysis_not_sentence_by_sentence_verified,sampled_and_targeted_frame_review_available_not_continuous_audio_visual_review,not_verified_by_this_build
mikey-gameshengjing-008,第八章 展示面的审美 如何拥有一个高质量审美,local_gameshengjing_video,,,3,3,0,0,208,wanjia-skill/references/gameshengjing/mikey-gameshengjing-008/transcript.json,wanjia-skill/references/gameshengjing/mikey-gameshengjing-008/episode-analysis.md,automatic_transcription_with_analysis_not_sentence_by_sentence_verified,sampled_and_targeted_frame_review_available_not_continuous_audio_visual_review,not_verified_by_this_build
mikey-gameshengjing-009,第九章 应该怎么网聊（网聊必须具备的基本认知）,local_gameshengjing_video,,,3,3,0,0,246,wanjia-skill/references/gameshengjing/mikey-gameshengjing-009/transcript.json,wanjia-skill/references/gameshengjing/mikey-gameshengjing-009/episode-analysis.md,automatic_transcription_with_analysis_not_sentence_by_sentence_verified,sampled_and_targeted_frame_review_available_not_continuous_audio_visual_review,not_verified_by_this_build
mikey-gameshengjing-010,第十章 网聊人设（在这个世界上你可以成为任何人）,local_gameshengjing_video,,,3,3,0,0,205,wanjia-skill/references/gameshengjing/mikey-gameshengjing-010/transcript.json,wanjia-skill/references/gameshengjing/mikey-gameshengjing-010/episode-analysis.md,automatic_transcription_with_analysis_not_sentence_by_sentence_verified,sampled_and_targeted_frame_review_available_not_continuous_audio_visual_review,not_verified_by_this_build
mikey-gameshengjing-011,第十一章 垂直聊天“她我我们”（99 的男人都不懂的垂直聊天法）,local_gameshengjing_video,,,3,3,0,0,302,wanjia-skill/references/gameshengjing/mikey-gameshengjing-011/transcript.json,wanjia-skill/references/gameshengjing/mikey-gameshengjing-011/episode-analysis.md,automatic_transcription_with_analysis_not_sentence_by_sentence_verified,sampled_and_targeted_frame_review_available_not_continuous_audio_visual_review,not_verified_by_this_build
mikey-gameshengjing-015,第十五章 约会中常见的强行为线索（附赠）,local_gameshengjing_video,,,5,5,0,0,761,wanjia-skill/references/gameshengjing/mikey-gameshengjing-015/transcript.json,wanjia-skill/references/gameshengjing/mikey-gameshengjing-015/episode-analysis.md,automatic_transcription_with_analysis_not_sentence_by_sentence_verified,sampled_and_targeted_frame_review_available_not_continuous_audio_visual_review,not_verified_by_this_build
mikey-gameshengjing-016,第十六章 搭讪前的准备工作（导师搭讪之前都会做的准备工作）,local_gameshengjing_video,,,5,5,0,0,235,wanjia-skill/references/gameshengjing/mikey-gameshengjing-016/transcript.json,wanjia-skill/references/gameshengjing/mikey-gameshengjing-016/episode-analysis.md,automatic_transcription_with_analysis_not_sentence_by_sentence_verified,sampled_and_targeted_frame_review_available_not_continuous_audio_visual_review,not_verified_by_this_build
mikey-gameshengjing-017,第十七章 搭讪心态（什么是搭讪前的焚决心态）,local_gameshengjing_video,,,4,4,0,0,249,wanjia-skill/references/gameshengjing/mikey-gameshengjing-017/transcript.json,wanjia-skill/references/gameshengjing/mikey-gameshengjing-017/episode-analysis.md,automatic_transcription_with_analysis_not_sentence_by_sentence_verified,sampled_and_targeted_frame_review_available_not_continuous_audio_visual_review,not_verified_by_this_build
mikey-gameshengjing-018,第十八章 开场即吸引（如何做到搭讪开场即吸引）,local_gameshengjing_video,,,4,4,0,0,315,wanjia-skill/references/gameshengjing/mikey-gameshengjing-018/transcript.json,wanjia-skill/references/gameshengjing/mikey-gameshengjing-018/episode-analysis.md,automatic_transcription_with_analysis_not_sentence_by_sentence_verified,sampled_and_targeted_frame_review_available_not_continuous_audio_visual_review,not_verified_by_this_build
mikey-gameshengjing-019,第十九章 搭讪SOP（搭讪全流程SOP）,local_gameshengjing_video,,,4,4,0,0,266,wanjia-skill/references/gameshengjing/mikey-gameshengjing-019/transcript.json,wanjia-skill/references/gameshengjing/mikey-gameshengjing-019/episode-analysis.md,automatic_transcription_with_analysis_not_sentence_by_sentence_verified,sampled_and_targeted_frame_review_available_not_continuous_audio_visual_review,not_verified_by_this_build
mikey-gameshengjing-020,第二十章 结语 救赎之道，就在其中,local_gameshengjing_video,,,5,5,0,0,200,wanjia-skill/references/gameshengjing/mikey-gameshengjing-020/transcript.json,wanjia-skill/references/gameshengjing/mikey-gameshengjing-020/episode-analysis.md,automatic_transcription_with_analysis_not_sentence_by_sentence_verified,sampled_and_targeted_frame_review_available_not_continuous_audio_visual_review,not_verified_by_this_build
mikey-sijiao-001,40岁老板三天收尾女大学生,local_sijiao_video,,,22,12,5,5,708,wanjia-skill/references/sijiao/mikey-sijiao-001/transcript.json,wanjia-skill/references/sijiao/mikey-sijiao-001/episode-analysis.md,automatic_transcription_with_analysis_not_sentence_by_sentence_verified,sampled_and_targeted_frame_review_available_not_continuous_audio_visual_review,not_verified_by_this_build
mikey-sijiao-002,49岁大叔学员学习搭讪，当你说太晚了的时候，一定要谨慎，它可能是你退缩的借口,local_sijiao_video,,,8,7,0,1,226,wanjia-skill/references/sijiao/mikey-sijiao-002/transcript.json,wanjia-skill/references/sijiao/mikey-sijiao-002/episode-analysis.md,automatic_transcription_with_analysis_not_sentence_by_sentence_verified,sampled_and_targeted_frame_review_available_not_continuous_audio_visual_review,not_verified_by_this_build
mikey-sijiao-003,情感导师的生活日记,local_sijiao_video,,,17,11,3,3,555,wanjia-skill/references/sijiao/mikey-sijiao-003/transcript.json,wanjia-skill/references/sijiao/mikey-sijiao-003/episode-analysis.md,automatic_transcription_with_analysis_not_sentence_by_sentence_verified,sampled_and_targeted_frame_review_available_not_continuous_audio_visual_review,not_verified_by_this_build
mikey-sijiao-004,为什么学把妹，线下复盘的重要性,local_sijiao_video,,,21,15,1,5,1322,wanjia-skill/references/sijiao/mikey-sijiao-004/transcript.json,wanjia-skill/references/sijiao/mikey-sijiao-004/episode-analysis.md,automatic_transcription_with_analysis_not_sentence_by_sentence_verified,sampled_and_targeted_frame_review_available_not_continuous_audio_visual_review,not_verified_by_this_build
mikey-sijiao-005,身高一米六能否把妹,local_sijiao_video,,,11,8,1,2,349,wanjia-skill/references/sijiao/mikey-sijiao-005/transcript.json,wanjia-skill/references/sijiao/mikey-sijiao-005/episode-analysis.md,automatic_transcription_with_analysis_not_sentence_by_sentence_verified,sampled_and_targeted_frame_review_available_not_continuous_audio_visual_review,not_verified_by_this_build
mikey-sijiao-006,线下学员经典案例,local_sijiao_video,,,7,7,0,0,1007,wanjia-skill/references/sijiao/mikey-sijiao-006/transcript.json,wanjia-skill/references/sijiao/mikey-sijiao-006/episode-analysis.md,automatic_transcription_with_analysis_not_sentence_by_sentence_verified,sampled_and_targeted_frame_review_available_not_continuous_audio_visual_review,not_verified_by_this_build
mikey-sijiao-008,你的搭讪有一致性么,local_sijiao_video,,,6,6,0,0,299,wanjia-skill/references/sijiao/mikey-sijiao-008/transcript.json,wanjia-skill/references/sijiao/mikey-sijiao-008/episode-analysis.md,automatic_transcription_with_analysis_not_sentence_by_sentence_verified,sampled_and_targeted_frame_review_available_not_continuous_audio_visual_review,not_verified_by_this_build
mikey-sijiao-009,搭讪从零到一，线下三天拥有松弛感（纯享版）丨线下学员案例丨个性样本丨自我提升丨搭讪丨自然流丨脱单,local_sijiao_video,,,5,5,0,0,557,wanjia-skill/references/sijiao/mikey-sijiao-009/transcript.json,wanjia-skill/references/sijiao/mikey-sijiao-009/episode-analysis.md,automatic_transcription_with_analysis_not_sentence_by_sentence_verified,sampled_and_targeted_frame_review_available_not_continuous_audio_visual_review,not_verified_by_this_build
mikey-sijiao-010,你们常犯的约会错误丨怎么传递个性样本丨自我提升丨搭讪丨约会丨自然流丨脱单丨dating in,local_sijiao_video,,,8,8,0,0,908,wanjia-skill/references/sijiao/mikey-sijiao-010/transcript.json,wanjia-skill/references/sijiao/mikey-sijiao-010/episode-analysis.md,automatic_transcription_with_analysis_not_sentence_by_sentence_verified,sampled_and_targeted_frame_review_available_not_continuous_audio_visual_review,not_verified_by_this_build
mikey-sijiao-011,是什么毁了你的搭讪丨自我提升丨搭讪丨约会丨自然流丨脱单丨dating in china_108,local_sijiao_video,,,11,11,0,0,587,wanjia-skill/references/sijiao/mikey-sijiao-011/transcript.json,wanjia-skill/references/sijiao/mikey-sijiao-011/episode-analysis.md,automatic_transcription_with_analysis_not_sentence_by_sentence_verified,sampled_and_targeted_frame_review_available_not_continuous_audio_visual_review,not_verified_by_this_build
mikey-sijiao-012,怎麽game女同事丨線上聊天案例講解丨聊天丨網聊方法丨約會丨情感丨戀愛丨dating in c,local_sijiao_video,,,10,10,0,0,424,wanjia-skill/references/sijiao/mikey-sijiao-012/transcript.json,wanjia-skill/references/sijiao/mikey-sijiao-012/episode-analysis.md,automatic_transcription_with_analysis_not_sentence_by_sentence_verified,sampled_and_targeted_frame_review_available_not_continuous_audio_visual_review,not_verified_by_this_build
mikey-sijiao-013,報名一周，學員收獲自己的心儀女生丨線上聊天案例講解丨聊天丨網聊方法丨約會丨情感丨戀愛丨dati,local_sijiao_video,,,9,9,0,0,218,wanjia-skill/references/sijiao/mikey-sijiao-013/transcript.json,wanjia-skill/references/sijiao/mikey-sijiao-013/episode-analysis.md,automatic_transcription_with_analysis_not_sentence_by_sentence_verified,sampled_and_targeted_frame_review_available_not_continuous_audio_visual_review,not_verified_by_this_build
mikey-sijiao-014,A9企业家网聊收尾正妹丨线上聊天案例讲解丨聊天丨网聊方法丨恋爱丨dating in china,local_sijiao_video,,,10,10,0,0,398,wanjia-skill/references/sijiao/mikey-sijiao-014/transcript.json,wanjia-skill/references/sijiao/mikey-sijiao-014/episode-analysis.md,automatic_transcription_with_analysis_not_sentence_by_sentence_verified,sampled_and_targeted_frame_review_available_not_continuous_audio_visual_review,not_verified_by_this_build
mikey-sijiao-015,玩家心态的打磨过程，学员实战复盘（上）丨线上私教案例丨支配游戏丨“术”和“道”丨情感丨恋爱丨d,local_sijiao_video,,,11,11,0,0,333,wanjia-skill/references/sijiao/mikey-sijiao-015/transcript.json,wanjia-skill/references/sijiao/mikey-sijiao-015/episode-analysis.md,automatic_transcription_with_analysis_not_sentence_by_sentence_verified,sampled_and_targeted_frame_review_available_not_continuous_audio_visual_review,not_verified_by_this_build
mikey-sijiao-016,玩家心态的打磨过程，学员实战复盘（下）丨线上私教案例丨支配游戏丨“术”和“道”丨情感丨恋爱丨d,local_sijiao_video,,,12,8,1,3,303,wanjia-skill/references/sijiao/mikey-sijiao-016/transcript.json,wanjia-skill/references/sijiao/mikey-sijiao-016/episode-analysis.md,automatic_transcription_with_analysis_not_sentence_by_sentence_verified,sampled_and_targeted_frame_review_available_not_continuous_audio_visual_review,not_verified_by_this_build
mikey-sijiao-017,一个月的时间把学员约不出来的女生变成母丨线上聊天案例讲解丨聊天丨网聊方法丨恋爱丨情感丨搭讪丨约,local_sijiao_video,,,14,10,2,2,556,wanjia-skill/references/sijiao/mikey-sijiao-017/transcript.json,wanjia-skill/references/sijiao/mikey-sijiao-017/episode-analysis.md,automatic_transcription_with_analysis_not_sentence_by_sentence_verified,sampled_and_targeted_frame_review_available_not_continuous_audio_visual_review,not_verified_by_this_build
mikey-sijiao-018,前女友多人运动，老实人的逆袭丨我对她那么好，她玩我就跟玩一样丨线上聊天案例讲解丨聊天丨网聊方法,local_sijiao_video,,,11,8,2,1,267,wanjia-skill/references/sijiao/mikey-sijiao-018/transcript.json,wanjia-skill/references/sijiao/mikey-sijiao-018/episode-analysis.md,automatic_transcription_with_analysis_not_sentence_by_sentence_verified,sampled_and_targeted_frame_review_available_not_continuous_audio_visual_review,not_verified_by_this_build
mikey-sijiao-019,女人拒絕出門，如何外賣到家丨20s的語音，讓你區別其他男人丨線上聊天案例講解丨自我提升丨約會丨搭訕丨,local_sijiao_video,,,10,8,0,2,237,wanjia-skill/references/sijiao/mikey-sijiao-019/transcript.json,wanjia-skill/references/sijiao/mikey-sijiao-019/episode-analysis.md,automatic_transcription_with_analysis_not_sentence_by_sentence_verified,sampled_and_targeted_frame_review_available_not_continuous_audio_visual_review,not_verified_by_this_build
mikey-youtube-live-001,直播5：内部群的电话会议 mikey在线解答兄弟们的把妹问题，认真回答不敷衍。 丨dating in china丨恋爱丨约会丨搭讪丨自我提升丨脱单,youtube_public_livestream,2024-01-07,https://www.youtube.com/watch?v=2o0eci1RIos,38,27,7,4,2041,wanjia-skill/references/youtube-live-batch1/mikey-youtube-live-001/transcript.json,wanjia-skill/references/youtube-live-batch1/mikey-youtube-live-001/episode-analysis.md,automatic_transcription_with_analysis_not_sentence_by_sentence_verified,sampled_and_targeted_frame_review_available_not_continuous_audio_visual_review,not_verified_by_this_build
mikey-youtube-live-002,直播9：内部群的电话会议 mikey在线解答兄弟们的把妹问题，认真回答不敷衍。 丨網聊丨dating in china丨恋爱丨约炮丨搭讪丨自然流丨脱单,youtube_public_livestream,2024-02-29,https://www.youtube.com/watch?v=NhBTViHCwso,57,46,8,3,4652,wanjia-skill/references/youtube-live-batch1/mikey-youtube-live-002/transcript.json,wanjia-skill/references/youtube-live-batch1/mikey-youtube-live-002/episode-analysis.md,automatic_transcription_with_analysis_not_sentence_by_sentence_verified,sampled_and_targeted_frame_review_available_not_continuous_audio_visual_review,not_verified_by_this_build
mikey-youtube-live-003,直播11： Mikey：内部直播群会议，认真答疑不敷衍，快进来唠嗑！,youtube_public_livestream,2024-04-04,https://www.youtube.com/watch?v=FoNPmM1r0KM,16,16,0,0,3954,wanjia-skill/references/youtube-live-batch1/mikey-youtube-live-003/transcript.json,wanjia-skill/references/youtube-live-batch1/mikey-youtube-live-003/episode-analysis.md,automatic_transcription_with_analysis_not_sentence_by_sentence_verified,sampled_and_targeted_frame_review_available_not_continuous_audio_visual_review,not_verified_by_this_build
mikey-youtube-live-004,直播19：mikey与兄弟们见见面｜约会｜搭讪 ｜两性,youtube_public_livestream,2024-07-10,https://www.youtube.com/watch?v=NEWlQZot2i8,31,20,5,6,2515,wanjia-skill/references/youtube-live-batch1/mikey-youtube-live-004/transcript.json,wanjia-skill/references/youtube-live-batch1/mikey-youtube-live-004/episode-analysis.md,automatic_transcription_with_analysis_not_sentence_by_sentence_verified,sampled_and_targeted_frame_review_available_not_continuous_audio_visual_review,not_verified_by_this_build
mikey-youtube-live-005,直播29：泡妞问题答疑 看看有没有你需要的知识,youtube_public_livestream,2024-10-31,https://www.youtube.com/watch?v=HBnKtTjjjWU,19,19,0,0,1136,wanjia-skill/references/youtube-live-batch1/mikey-youtube-live-005/transcript.json,wanjia-skill/references/youtube-live-batch1/mikey-youtube-live-005/episode-analysis.md,automatic_transcription_with_analysis_not_sentence_by_sentence_verified,sampled_and_targeted_frame_review_available_not_continuous_audio_visual_review,not_verified_by_this_build
mikey-youtube-live-006,直播30：调动情绪,youtube_public_livestream,2024-11-07,https://www.youtube.com/watch?v=skYm6TsRXrk,36,24,6,6,1861,wanjia-skill/references/youtube-live-batch1/mikey-youtube-live-006/transcript.json,wanjia-skill/references/youtube-live-batch1/mikey-youtube-live-006/episode-analysis.md,automatic_transcription_with_analysis_not_sentence_by_sentence_verified,sampled_and_targeted_frame_review_available_not_continuous_audio_visual_review,not_verified_by_this_build
mikey-youtube-live-007,直播36：如何跟女人聊天 答疑解惑,youtube_public_livestream,2024-12-29,https://www.youtube.com/watch?v=T6Fo0Kfzekc,29,29,0,0,1340,wanjia-skill/references/youtube-live-batch1/mikey-youtube-live-007/transcript.json,wanjia-skill/references/youtube-live-batch1/mikey-youtube-live-007/episode-analysis.md,automatic_transcription_with_analysis_not_sentence_by_sentence_verified,sampled_and_targeted_frame_review_available_not_continuous_audio_visual_review,not_verified_by_this_build
mikey-youtube-live-008,直播44：两性情感 泡妞 搭讪 约会丨搭讪玩家TV,youtube_public_livestream,2025-03-06,https://www.youtube.com/watch?v=356DT00P73U,25,25,0,0,3543,wanjia-skill/references/youtube-live-batch1/mikey-youtube-live-008/transcript.json,wanjia-skill/references/youtube-live-batch1/mikey-youtube-live-008/episode-analysis.md,automatic_transcription_with_analysis_not_sentence_by_sentence_verified,sampled_and_targeted_frame_review_available_not_continuous_audio_visual_review,not_verified_by_this_build
mikey-youtube-live-009,直播45：Mikey 撩妹答疑丨搭讪玩家TV,youtube_public_livestream,2025-03-08,https://www.youtube.com/watch?v=f0gOZfoOhvo,34,26,4,4,2237,wanjia-skill/references/youtube-live-batch1/mikey-youtube-live-009/transcript.json,wanjia-skill/references/youtube-live-batch1/mikey-youtube-live-009/episode-analysis.md,automatic_transcription_with_analysis_not_sentence_by_sentence_verified,sampled_and_targeted_frame_review_available_not_continuous_audio_visual_review,not_verified_by_this_build
mikey-youtube-live-010,直播46：兩性情感 泡妞 搭訕 約會丨搭訕玩家TV,youtube_public_livestream,2025-03-09,https://www.youtube.com/watch?v=CxNdBfHWns8,37,34,0,3,2657,wanjia-skill/references/youtube-live-batch1/mikey-youtube-live-010/transcript.json,wanjia-skill/references/youtube-live-batch1/mikey-youtube-live-010/episode-analysis.md,automatic_transcription_with_analysis_not_sentence_by_sentence_verified,sampled_and_targeted_frame_review_available_not_continuous_audio_visual_review,not_verified_by_this_build
mikey-youtube-live-011,直播47：什么是潜沟通？约会迅速吸引女人的关键 直播拆解 现场演示,youtube_public_livestream,2025-03-13,https://www.youtube.com/watch?v=QKKXbO1JYmw,14,14,0,0,2268,wanjia-skill/references/youtube-live-batch2/mikey-youtube-live-011/transcript.json,wanjia-skill/references/youtube-live-batch2/mikey-youtube-live-011/episode-analysis.md,automatic_transcription_with_analysis_not_sentence_by_sentence_verified,sampled_and_targeted_frame_review_available_not_continuous_audio_visual_review,not_verified_by_this_build
mikey-youtube-live-012,直播49： 两性情感 泡妞 搭讪 约会丨搭訕玩家TV,youtube_public_livestream,2025-03-23,https://www.youtube.com/watch?v=bbe08PDyOts,13,13,0,0,1916,wanjia-skill/references/youtube-live-batch2/mikey-youtube-live-012/transcript.json,wanjia-skill/references/youtube-live-batch2/mikey-youtube-live-012/episode-analysis.md,automatic_transcription_with_analysis_not_sentence_by_sentence_verified,sampled_and_targeted_frame_review_available_not_continuous_audio_visual_review,not_verified_by_this_build
mikey-youtube-live-013,直播50： 两性情感 泡妞 搭讪 约会丨搭訕玩家TV,youtube_public_livestream,2025-03-30,https://www.youtube.com/watch?v=gkqsEuTD1Mo,14,14,0,0,2083,wanjia-skill/references/youtube-live-batch2/mikey-youtube-live-013/transcript.json,wanjia-skill/references/youtube-live-batch2/mikey-youtube-live-013/episode-analysis.md,automatic_transcription_with_analysis_not_sentence_by_sentence_verified,sampled_and_targeted_frame_review_available_not_continuous_audio_visual_review,not_verified_by_this_build
mikey-youtube-live-014,直播53： 如何约会高价值女生 丨搭訕玩家TV,youtube_public_livestream,2025-05-25,https://www.youtube.com/watch?v=e1PGzzbFcf8,12,12,0,0,1715,wanjia-skill/references/youtube-live-batch2/mikey-youtube-live-014/transcript.json,wanjia-skill/references/youtube-live-batch2/mikey-youtube-live-014/episode-analysis.md,automatic_transcription_with_analysis_not_sentence_by_sentence_verified,sampled_and_targeted_frame_review_available_not_continuous_audio_visual_review,not_verified_by_this_build
mikey-youtube-live-015,直播54： 泡妞问题，直播答疑 丨搭訕玩家TV,youtube_public_livestream,2025-06-01,https://www.youtube.com/watch?v=hQaBcP15E-E,12,12,0,0,1573,wanjia-skill/references/youtube-live-batch2/mikey-youtube-live-015/transcript.json,wanjia-skill/references/youtube-live-batch2/mikey-youtube-live-015/episode-analysis.md,automatic_transcription_with_analysis_not_sentence_by_sentence_verified,sampled_and_targeted_frame_review_available_not_continuous_audio_visual_review,not_verified_by_this_build
mikey-youtube-live-016,直播57： 近期实战案例分享，直播答疑  泡妞 搭讪 约会丨搭訕玩家TV,youtube_public_livestream,2025-06-23,https://www.youtube.com/watch?v=XtOuBx0no_w,12,12,0,0,1600,wanjia-skill/references/youtube-live-batch2/mikey-youtube-live-016/transcript.json,wanjia-skill/references/youtube-live-batch2/mikey-youtube-live-016/episode-analysis.md,automatic_transcription_with_analysis_not_sentence_by_sentence_verified,sampled_and_targeted_frame_review_available_not_continuous_audio_visual_review,not_verified_by_this_build
mikey-youtube-live-017,直播58：试玩《捞女游戏》Mikey实况直播  丨搭訕玩家TV,youtube_public_livestream,2025-06-23,https://www.youtube.com/watch?v=m9UNQmf2Sf8,10,10,0,0,2786,wanjia-skill/references/youtube-live-batch2/mikey-youtube-live-017/transcript.json,wanjia-skill/references/youtube-live-batch2/mikey-youtube-live-017/episode-analysis.md,automatic_transcription_with_analysis_not_sentence_by_sentence_verified,sampled_and_targeted_frame_review_available_not_continuous_audio_visual_review,not_verified_by_this_build
mikey-youtube-live-018,直播59：《捞女游戏》Mikey实况直播第二期  丨搭訕玩家TV,youtube_public_livestream,2025-06-24,https://www.youtube.com/watch?v=RQ9O4As_1A0,9,9,0,0,3101,wanjia-skill/references/youtube-live-batch2/mikey-youtube-live-018/transcript.json,wanjia-skill/references/youtube-live-batch2/mikey-youtube-live-018/episode-analysis.md,automatic_transcription_with_analysis_not_sentence_by_sentence_verified,sampled_and_targeted_frame_review_available_not_continuous_audio_visual_review,not_verified_by_this_build
mikey-youtube-live-019,直播61： 近期实战案例分享，直播答疑  泡妞 搭讪 约会丨搭訕玩家TV,youtube_public_livestream,2025-06-30,https://www.youtube.com/watch?v=Mkg_9tSudJY,13,13,0,0,1333,wanjia-skill/references/youtube-live-batch2/mikey-youtube-live-019/transcript.json,wanjia-skill/references/youtube-live-batch2/mikey-youtube-live-019/episode-analysis.md,automatic_transcription_with_analysis_not_sentence_by_sentence_verified,sampled_and_targeted_frame_review_available_not_continuous_audio_visual_review,not_verified_by_this_build
mikey-youtube-live-020,直播62： 把妹心态 内核丨直播答疑  泡妞 搭讪 约会丨搭訕玩家TV,youtube_public_livestream,2025-07-07,https://www.youtube.com/watch?v=0rVKemT02iA,16,16,0,0,1510,wanjia-skill/references/youtube-live-batch2/mikey-youtube-live-020/transcript.json,wanjia-skill/references/youtube-live-batch2/mikey-youtube-live-020/episode-analysis.md,automatic_transcription_with_analysis_not_sentence_by_sentence_verified,sampled_and_targeted_frame_review_available_not_continuous_audio_visual_review,not_verified_by_this_build
mikey-youtube-live-021,直播68： 两性情感 泡妞 搭讪 约会丨搭訕玩家TV,youtube_public_livestream,2025-08-17,https://www.youtube.com/watch?v=gkADT8_5s14,19,19,0,0,1217,wanjia-skill/references/youtube-live-batch3/mikey-youtube-live-021/transcript.json,wanjia-skill/references/youtube-live-batch3/mikey-youtube-live-021/episode-analysis.md,automatic_transcription_with_analysis_not_sentence_by_sentence_verified,sampled_and_targeted_frame_review_available_not_continuous_audio_visual_review,not_verified_by_this_build
mikey-youtube-live-022,直播70： 火影忍者谁最会泡妞？丨 搭訕玩家TV,youtube_public_livestream,2025-08-28,https://www.youtube.com/watch?v=dZgV_s1FVv8,18,18,0,0,2014,wanjia-skill/references/youtube-live-batch3/mikey-youtube-live-022/transcript.json,wanjia-skill/references/youtube-live-batch3/mikey-youtube-live-022/episode-analysis.md,automatic_transcription_with_analysis_not_sentence_by_sentence_verified,sampled_and_targeted_frame_review_available_not_continuous_audio_visual_review,not_verified_by_this_build
mikey-youtube-live-023,直播72： 近期实战案例分享，直播答疑 泡妞 搭讪 约会丨搭訕玩家TV,youtube_public_livestream,2025-09-15,https://www.youtube.com/watch?v=wjizzSk9eAI,25,25,0,0,1958,wanjia-skill/references/youtube-live-batch3/mikey-youtube-live-023/transcript.json,wanjia-skill/references/youtube-live-batch3/mikey-youtube-live-023/episode-analysis.md,automatic_transcription_with_analysis_not_sentence_by_sentence_verified,sampled_and_targeted_frame_review_available_not_continuous_audio_visual_review,not_verified_by_this_build
mikey-youtube-live-024,直播75：近期实战案例分享，直播答疑 泡妞 搭讪 约会丨搭訕玩家TV,youtube_public_livestream,2025-10-19,https://www.youtube.com/watch?v=-yPQ13M6jX8,16,16,0,0,2113,wanjia-skill/references/youtube-live-batch3/mikey-youtube-live-024/transcript.json,wanjia-skill/references/youtube-live-batch3/mikey-youtube-live-024/episode-analysis.md,automatic_transcription_with_analysis_not_sentence_by_sentence_verified,sampled_and_targeted_frame_review_available_not_continuous_audio_visual_review,not_verified_by_this_build
mikey-youtube-live-025,直播77：近期实战案例分享，直播答疑 泡妞 搭讪 约会丨搭訕玩家TV,youtube_public_livestream,2025-11-10,https://www.youtube.com/watch?v=dSYHWDUlQ4I,16,16,0,0,1346,wanjia-skill/references/youtube-live-batch3/mikey-youtube-live-025/transcript.json,wanjia-skill/references/youtube-live-batch3/mikey-youtube-live-025/episode-analysis.md,automatic_transcription_with_analysis_not_sentence_by_sentence_verified,sampled_and_targeted_frame_review_available_not_continuous_audio_visual_review,not_verified_by_this_build
mikey-youtube-live-026,直播79：干货分享 直播答疑 泡妞 搭讪 约会丨搭訕玩家TV,youtube_public_livestream,2025-11-20,https://www.youtube.com/watch?v=PQbkX-IUGcs,9,9,0,0,1287,wanjia-skill/references/youtube-live-batch3/mikey-youtube-live-026/transcript.json,wanjia-skill/references/youtube-live-batch3/mikey-youtube-live-026/episode-analysis.md,automatic_transcription_with_analysis_not_sentence_by_sentence_verified,sampled_and_targeted_frame_review_available_not_continuous_audio_visual_review,not_verified_by_this_build
mikey-youtube-live-027,直播80：干货分享 直播答疑 泡妞 搭讪 约会丨搭訕玩家TV,youtube_public_livestream,2025-11-22,https://www.youtube.com/watch?v=8jCwDoBjWT0,12,12,0,0,1270,wanjia-skill/references/youtube-live-batch3/mikey-youtube-live-027/transcript.json,wanjia-skill/references/youtube-live-batch3/mikey-youtube-live-027/episode-analysis.md,automatic_transcription_with_analysis_not_sentence_by_sentence_verified,sampled_and_targeted_frame_review_available_not_continuous_audio_visual_review,not_verified_by_this_build
mikey-youtube-live-028,直播81：干货分享 直播答疑 泡妞 搭讪 约会丨搭訕玩家TV,youtube_public_livestream,2025-11-23,https://www.youtube.com/watch?v=vBoAYfRFhh0,12,12,0,0,1581,wanjia-skill/references/youtube-live-batch3/mikey-youtube-live-028/transcript.json,wanjia-skill/references/youtube-live-batch3/mikey-youtube-live-028/episode-analysis.md,automatic_transcription_with_analysis_not_sentence_by_sentence_verified,sampled_and_targeted_frame_review_available_not_continuous_audio_visual_review,not_verified_by_this_build
mikey-youtube-live-029,直播82：干货分享 直播答疑 泡妞 搭讪 约会丨搭訕玩家TV,youtube_public_livestream,2025-11-24,https://www.youtube.com/watch?v=knZc0MMOnbw,12,12,0,0,2017,wanjia-skill/references/youtube-live-batch3/mikey-youtube-live-029/transcript.json,wanjia-skill/references/youtube-live-batch3/mikey-youtube-live-029/episode-analysis.md,automatic_transcription_with_analysis_not_sentence_by_sentence_verified,sampled_and_targeted_frame_review_available_not_continuous_audio_visual_review,not_verified_by_this_build
mikey-youtube-live-030,直播83：干货分享 直播答疑 泡妞 搭讪 约会丨搭訕玩家TV,youtube_public_livestream,2025-12-04,https://www.youtube.com/watch?v=KO5l9Lh7FZc,14,14,0,0,1329,wanjia-skill/references/youtube-live-batch3/mikey-youtube-live-030/transcript.json,wanjia-skill/references/youtube-live-batch3/mikey-youtube-live-030/episode-analysis.md,automatic_transcription_with_analysis_not_sentence_by_sentence_verified,sampled_and_targeted_frame_review_available_not_continuous_audio_visual_review,not_verified_by_this_build
mikey-youtube-live-031,直播84：干货分享 直播答疑 泡妞 搭讪 约会丨搭訕玩家TV,youtube_public_livestream,2025-12-08,https://www.youtube.com/watch?v=7EzW-UuiF-Y,8,8,0,0,2889,wanjia-skill/references/youtube-live-batch4/mikey-youtube-live-031/transcript.json,wanjia-skill/references/youtube-live-batch4/mikey-youtube-live-031/episode-analysis.md,automatic_transcription_with_analysis_not_sentence_by_sentence_verified,sampled_and_targeted_frame_review_available_not_continuous_audio_visual_review,not_verified_by_this_build
mikey-youtube-live-032,直播88：跟兄弟们聊聊天,youtube_public_livestream,2026-01-11,https://www.youtube.com/watch?v=Qk5w8-va0g0,12,12,0,0,1650,wanjia-skill/references/youtube-live-batch4/mikey-youtube-live-032/transcript.json,wanjia-skill/references/youtube-live-batch4/mikey-youtube-live-032/episode-analysis.md,automatic_transcription_with_analysis_not_sentence_by_sentence_verified,sampled_and_targeted_frame_review_available_not_continuous_audio_visual_review,not_verified_by_this_build
mikey-youtube-live-033,直播89：跟兄弟们聊聊天,youtube_public_livestream,2026-01-18,https://www.youtube.com/watch?v=QR3QTtE690c,9,9,0,0,1160,wanjia-skill/references/youtube-live-batch4/mikey-youtube-live-033/transcript.json,wanjia-skill/references/youtube-live-batch4/mikey-youtube-live-033/episode-analysis.md,automatic_transcription_with_analysis_not_sentence_by_sentence_verified,sampled_and_targeted_frame_review_available_not_continuous_audio_visual_review,not_verified_by_this_build
mikey-youtube-live-034,直播90：跟兄弟们聊聊天,youtube_public_livestream,2026-01-27,https://www.youtube.com/watch?v=FiS325eqCSo,12,12,0,0,1171,wanjia-skill/references/youtube-live-batch4/mikey-youtube-live-034/transcript.json,wanjia-skill/references/youtube-live-batch4/mikey-youtube-live-034/episode-analysis.md,automatic_transcription_with_analysis_not_sentence_by_sentence_verified,sampled_and_targeted_frame_review_available_not_continuous_audio_visual_review,not_verified_by_this_build
mikey-youtube-live-035,直播91：干货分享,youtube_public_livestream,2026-02-01,https://www.youtube.com/watch?v=TMh4CDqLhhs,11,11,0,0,1248,wanjia-skill/references/youtube-live-batch4/mikey-youtube-live-035/transcript.json,wanjia-skill/references/youtube-live-batch4/mikey-youtube-live-035/episode-analysis.md,automatic_transcription_with_analysis_not_sentence_by_sentence_verified,sampled_and_targeted_frame_review_available_not_continuous_audio_visual_review,not_verified_by_this_build
mikey-youtube-live-036,直播93：「搭訕玩家TV」直播 跟兄弟们谈谈心,youtube_public_livestream,2026-03-02,https://www.youtube.com/watch?v=iyOpcVWr88k,15,15,0,0,1740,wanjia-skill/references/youtube-live-batch4/mikey-youtube-live-036/transcript.json,wanjia-skill/references/youtube-live-batch4/mikey-youtube-live-036/episode-analysis.md,automatic_transcription_with_analysis_not_sentence_by_sentence_verified,sampled_and_targeted_frame_review_available_not_continuous_audio_visual_review,not_verified_by_this_build
mikey-youtube-live-037,好久没答疑了,youtube_public_livestream,2026-08-18,https://www.youtube.com/watch?v=F5_4eZNBZFI,12,12,0,0,1955,wanjia-skill/references/youtube-live-batch4/mikey-youtube-live-037/transcript.json,wanjia-skill/references/youtube-live-batch4/mikey-youtube-live-037/episode-analysis.md,automatic_transcription_with_analysis_not_sentence_by_sentence_verified,sampled_and_targeted_frame_review_available_not_continuous_audio_visual_review,not_verified_by_this_build
mikey-youtube-live-038,M局拍案！大伙一起吃瓜 看完你也能当“导师”,youtube_public_livestream,2026-08-24,https://www.youtube.com/watch?v=014QMRiYY28,11,11,0,0,2080,wanjia-skill/references/youtube-live-batch4/mikey-youtube-live-038/transcript.json,wanjia-skill/references/youtube-live-batch4/mikey-youtube-live-038/episode-analysis.md,automatic_transcription_with_analysis_not_sentence_by_sentence_verified,sampled_and_targeted_frame_review_available_not_continuous_audio_visual_review,not_verified_by_this_build
mikey-youtube-live-039,mikey直播,youtube_public_livestream,2026-09-01,https://www.youtube.com/watch?v=O1QLG8_zyyA,12,12,0,0,1867,wanjia-skill/references/youtube-live-batch4/mikey-youtube-live-039/transcript.json,wanjia-skill/references/youtube-live-batch4/mikey-youtube-live-039/episode-analysis.md,automatic_transcription_with_analysis_not_sentence_by_sentence_verified,sampled_and_targeted_frame_review_available_not_continuous_audio_visual_review,not_verified_by_this_build
mikey-youtube-short-001,“年轻的时候就应该为爱痴狂 冲动一把”,youtube_public_short,2026-09-26,https://www.youtube.com/shorts/IBWuut6XMnA,1,1,0,0,2,wanjia-skill/references/youtube-remaining-20260929/short-01/mikey-youtube-short-001/transcript.json,wanjia-skill/references/youtube-remaining-20260929/short-01/mikey-youtube-short-001/distillation.json,automatic_transcription_not_sentence_by_sentence_verified,sampled_visual_manifest_available,not_sentence_by_sentence_verified
mikey-youtube-short-002,曝光情感行业骗子 《真实社交》欺诈学员 用假案例伪装成真实案例欺诈无辜情感学习者…直播还大言不惭鼓励导师造假为了赚钱！意思是先把大家骗进来 把学员当傻福呗？,youtube_public_short,2026-09-06,https://www.youtube.com/shorts/Z2sgjH3FmeU,0,0,0,0,31,wanjia-skill/references/youtube-remaining-20260929/short-01/mikey-youtube-short-002/transcript.json,wanjia-skill/references/youtube-remaining-20260929/short-01/mikey-youtube-short-002/distillation.json,automatic_transcription_not_sentence_by_sentence_verified,sampled_visual_manifest_available,not_sentence_by_sentence_verified
mikey-youtube-short-003,情感圈最大造假丑闻 Jackson造假实锤 团队解散跑路,youtube_public_short,2026-09-04,https://www.youtube.com/shorts/pcOGT-RUlLk,0,0,0,0,44,wanjia-skill/references/youtube-remaining-20260929/short-01/mikey-youtube-short-003/transcript.json,wanjia-skill/references/youtube-remaining-20260929/short-01/mikey-youtube-short-003/distillation.json,automatic_transcription_not_sentence_by_sentence_verified,sampled_visual_manifest_available,not_sentence_by_sentence_verified
mikey-youtube-short-004,这个行业鱼龙混杂大家擦亮眼睛做选择吧！标榜真实 却带头作假疯狂抄袭我视频风格不说拍不了我那样得实战视频就靠演员来凑…,youtube_public_short,2026-08-26,https://www.youtube.com/shorts/G2NnCHUH0n0,0,0,0,0,22,wanjia-skill/references/youtube-remaining-20260929/short-01/mikey-youtube-short-004/transcript.json,wanjia-skill/references/youtube-remaining-20260929/short-01/mikey-youtube-short-004/distillation.json,automatic_transcription_not_sentence_by_sentence_verified,sampled_visual_manifest_available,not_sentence_by_sentence_verified
mikey-youtube-short-005,不要太想着去证明自己,youtube_public_short,2026-07-28,https://www.youtube.com/shorts/7oqg4ft8AGs,0,0,0,0,27,wanjia-skill/references/youtube-remaining-20260929/short-01/mikey-youtube-short-005/transcript.json,wanjia-skill/references/youtube-remaining-20260929/short-01/mikey-youtube-short-005/distillation.json,automatic_transcription_not_sentence_by_sentence_verified,sampled_visual_manifest_available,not_sentence_by_sentence_verified
mikey-youtube-short-006,享受约会是主要的，收尾结果只是顺便的事情,youtube_public_short,2026-07-23,https://www.youtube.com/shorts/NB1KsmdaoxI,0,0,0,0,34,wanjia-skill/references/youtube-remaining-20260929/short-01/mikey-youtube-short-006/transcript.json,wanjia-skill/references/youtube-remaining-20260929/short-01/mikey-youtube-short-006/distillation.json,automatic_transcription_not_sentence_by_sentence_verified,sampled_visual_manifest_available,not_sentence_by_sentence_verified
mikey-youtube-short-007,这也是约会建立基调的重要性,youtube_public_short,2026-07-22,https://www.youtube.com/shorts/xai9p7jJdFg,0,0,0,0,25,wanjia-skill/references/youtube-remaining-20260929/short-01/mikey-youtube-short-007/transcript.json,wanjia-skill/references/youtube-remaining-20260929/short-01/mikey-youtube-short-007/distillation.json,automatic_transcription_not_sentence_by_sentence_verified,sampled_visual_manifest_available,not_sentence_by_sentence_verified
mikey-youtube-short-008,人生的意义是什么？,youtube_public_short,2026-07-15,https://www.youtube.com/shorts/jOgZRlESuv0,0,0,0,0,20,wanjia-skill/references/youtube-remaining-20260929/short-01/mikey-youtube-short-008/transcript.json,wanjia-skill/references/youtube-remaining-20260929/short-01/mikey-youtube-short-008/distillation.json,automatic_transcription_not_sentence_by_sentence_verified,sampled_visual_manifest_available,not_sentence_by_sentence_verified
mikey-youtube-short-009,得有主体性，才配投入一段感情,youtube_public_short,2026-06-13,https://www.youtube.com/shorts/vmnNcNnT4mE,3,3,0,0,24,wanjia-skill/references/youtube-remaining-20260929/short-01/mikey-youtube-short-009/transcript.json,wanjia-skill/references/youtube-remaining-20260929/short-01/mikey-youtube-short-009/distillation.json,automatic_transcription_not_sentence_by_sentence_verified,sampled_visual_manifest_available,not_sentence_by_sentence_verified
mikey-youtube-short-010,为什么你对女人好，但是女人并不爱你？,youtube_public_short,2026-06-09,https://www.youtube.com/shorts/5zGlhGJloA0,4,4,0,0,64,wanjia-skill/references/youtube-remaining-20260929/short-01/mikey-youtube-short-010/transcript.json,wanjia-skill/references/youtube-remaining-20260929/short-01/mikey-youtube-short-010/distillation.json,automatic_transcription_not_sentence_by_sentence_verified,sampled_visual_manifest_available,not_sentence_by_sentence_verified
mikey-youtube-short-011,肢体接触=给可得性,youtube_public_short,2026-06-08,https://www.youtube.com/shorts/kKNgwMlrzk8,0,0,0,0,41,wanjia-skill/references/youtube-remaining-20260929/short-02/mikey-youtube-short-011/transcript.json,wanjia-skill/references/youtube-remaining-20260929/short-02/mikey-youtube-short-011/distillation.json,automatic_transcription_not_sentence_by_sentence_verified,sampled_visual_manifest_available,not_sentence_by_sentence_verified
mikey-youtube-short-012,先完成再完美！,youtube_public_short,2026-06-02,https://www.youtube.com/shorts/GSFHvvEzMxA,3,3,0,0,40,wanjia-skill/references/youtube-remaining-20260929/short-02/mikey-youtube-short-012/transcript.json,wanjia-skill/references/youtube-remaining-20260929/short-02/mikey-youtube-short-012/distillation.json,automatic_transcription_not_sentence_by_sentence_verified,sampled_visual_manifest_available,not_sentence_by_sentence_verified
mikey-youtube-short-013,很多人邀约不出来核心原因，框架太弱，女生一质疑你，就想着下意识的讨好解释，然后更不想跟你出来了…,youtube_public_short,2026-05-23,https://www.youtube.com/shorts/uSsi-dXlMwk,3,3,0,0,37,wanjia-skill/references/youtube-remaining-20260929/short-02/mikey-youtube-short-013/transcript.json,wanjia-skill/references/youtube-remaining-20260929/short-02/mikey-youtube-short-013/distillation.json,automatic_transcription_not_sentence_by_sentence_verified,sampled_visual_manifest_available,not_sentence_by_sentence_verified
mikey-youtube-short-014,优秀的猎手是靠留下线索，让猎物自己探寻，最后把猎物拿下的,youtube_public_short,2026-05-22,https://www.youtube.com/shorts/CMpHMvwuZRI,0,0,0,0,46,wanjia-skill/references/youtube-remaining-20260929/short-02/mikey-youtube-short-014/transcript.json,wanjia-skill/references/youtube-remaining-20260929/short-02/mikey-youtube-short-014/distillation.json,automatic_transcription_not_sentence_by_sentence_verified,sampled_visual_manifest_available,not_sentence_by_sentence_verified
mikey-youtube-short-015,别把“洞察人心”玩成了“自我审视”你是那个看局的人，而不是那个被局困住的人,youtube_public_short,2026-05-15,https://www.youtube.com/shorts/nXb_5CmBvpc,0,0,0,0,13,wanjia-skill/references/youtube-remaining-20260929/short-02/mikey-youtube-short-015/transcript.json,wanjia-skill/references/youtube-remaining-20260929/short-02/mikey-youtube-short-015/distillation.json,automatic_transcription_not_sentence_by_sentence_verified,sampled_visual_manifest_available,not_sentence_by_sentence_verified
mikey-youtube-short-016,我们换个角度来看什么是主体性！,youtube_public_short,2026-05-14,https://www.youtube.com/shorts/cIE63w6uJXs,0,0,0,0,24,wanjia-skill/references/youtube-remaining-20260929/short-02/mikey-youtube-short-016/transcript.json,wanjia-skill/references/youtube-remaining-20260929/short-02/mikey-youtube-short-016/distillation.json,automatic_transcription_not_sentence_by_sentence_verified,sampled_visual_manifest_available,not_sentence_by_sentence_verified
mikey-youtube-short-017,和高分的约会，其实是更好的利用更高规格的“实战训练”，进行阶层的跨越沟通。当你能征服这种层级的社交场景，其他的社交难题自然迎刃而解,youtube_public_short,2026-04-30,https://www.youtube.com/shorts/HK4ubB2vW0Q,0,0,0,0,31,wanjia-skill/references/youtube-remaining-20260929/short-02/mikey-youtube-short-017/transcript.json,wanjia-skill/references/youtube-remaining-20260929/short-02/mikey-youtube-short-017/distillation.json,automatic_transcription_not_sentence_by_sentence_verified,sampled_visual_manifest_available,not_sentence_by_sentence_verified
mikey-youtube-short-018,谦虚不等于没有吸引力，懦弱才会,youtube_public_short,2026-03-15,https://www.youtube.com/shorts/Tt5Hdf1YPvU,0,0,0,0,27,wanjia-skill/references/youtube-remaining-20260929/short-02/mikey-youtube-short-018/transcript.json,wanjia-skill/references/youtube-remaining-20260929/short-02/mikey-youtube-short-018/distillation.json,automatic_transcription_not_sentence_by_sentence_verified,sampled_visual_manifest_available,not_sentence_by_sentence_verified
mikey-youtube-short-019,不要为了结果去说一些违心的话…,youtube_public_short,2026-01-23,https://www.youtube.com/shorts/1mleRuRP_78,0,0,0,0,75,wanjia-skill/references/youtube-remaining-20260929/short-02/mikey-youtube-short-019/transcript.json,wanjia-skill/references/youtube-remaining-20260929/short-02/mikey-youtube-short-019/distillation.json,automatic_transcription_not_sentence_by_sentence_verified,sampled_visual_manifest_available,not_sentence_by_sentence_verified
mikey-youtube-short-020,阿尔法和西格玛具体差别在哪？,youtube_public_short,2026-01-21,https://www.youtube.com/shorts/6B1DNRjY4mE,0,0,0,0,95,wanjia-skill/references/youtube-remaining-20260929/short-02/mikey-youtube-short-020/transcript.json,wanjia-skill/references/youtube-remaining-20260929/short-02/mikey-youtube-short-020/distillation.json,automatic_transcription_not_sentence_by_sentence_verified,sampled_visual_manifest_available,not_sentence_by_sentence_verified
mikey-youtube-short-021,不要用力证明价值，这样只会暴露你的不安,youtube_public_short,2026-01-07,https://www.youtube.com/shorts/1l8zI7O_wAc,0,0,0,0,10,wanjia-skill/references/youtube-remaining-20260929/short-03/mikey-youtube-short-021/transcript.json,wanjia-skill/references/youtube-remaining-20260929/short-03/mikey-youtube-short-021/distillation.json,automatic_transcription_not_sentence_by_sentence_verified,sampled_visual_manifest_available,not_sentence_by_sentence_verified
mikey-youtube-short-022,你真的有自我吗？,youtube_public_short,2025-12-17,https://www.youtube.com/shorts/siSEYCLz4ww,0,0,0,0,75,wanjia-skill/references/youtube-remaining-20260929/short-03/mikey-youtube-short-022/transcript.json,wanjia-skill/references/youtube-remaining-20260929/short-03/mikey-youtube-short-022/distillation.json,automatic_transcription_not_sentence_by_sentence_verified,sampled_visual_manifest_available,not_sentence_by_sentence_verified
mikey-youtube-short-023,你不可能迅速提升吸引力丨吸引力的构成,youtube_public_short,2025-12-15,https://www.youtube.com/shorts/8vTeGYRtoyM,0,0,0,0,102,wanjia-skill/references/youtube-remaining-20260929/short-03/mikey-youtube-short-023/transcript.json,wanjia-skill/references/youtube-remaining-20260929/short-03/mikey-youtube-short-023/distillation.json,automatic_transcription_not_sentence_by_sentence_verified,sampled_visual_manifest_available,not_sentence_by_sentence_verified
mikey-youtube-short-024,女生很多时候不是被你说服的，是被你“状态”影响的,youtube_public_short,2025-12-13,https://www.youtube.com/shorts/d8xHM4XCRQw,0,0,0,0,63,wanjia-skill/references/youtube-remaining-20260929/short-03/mikey-youtube-short-024/transcript.json,wanjia-skill/references/youtube-remaining-20260929/short-03/mikey-youtube-short-024/distillation.json,automatic_transcription_not_sentence_by_sentence_verified,sampled_visual_manifest_available,not_sentence_by_sentence_verified
mikey-youtube-short-025,活在当下是一种习惯,youtube_public_short,2025-11-18,https://www.youtube.com/shorts/0yq9ZVn7Cmc,0,0,0,0,58,wanjia-skill/references/youtube-remaining-20260929/short-03/mikey-youtube-short-025/transcript.json,wanjia-skill/references/youtube-remaining-20260929/short-03/mikey-youtube-short-025/distillation.json,automatic_transcription_not_sentence_by_sentence_verified,sampled_visual_manifest_available,not_sentence_by_sentence_verified
mikey-youtube-short-026,当男人是很爽的,youtube_public_short,2025-11-16,https://www.youtube.com/shorts/npeClmMFzdE,0,0,0,0,76,wanjia-skill/references/youtube-remaining-20260929/short-03/mikey-youtube-short-026/transcript.json,wanjia-skill/references/youtube-remaining-20260929/short-03/mikey-youtube-short-026/distillation.json,automatic_transcription_not_sentence_by_sentence_verified,sampled_visual_manifest_available,not_sentence_by_sentence_verified
mikey-youtube-short-027,人有时候会欺负你，一定是你示弱了,youtube_public_short,2025-11-14,https://www.youtube.com/shorts/PuvtjUuI6Co,0,0,0,0,90,wanjia-skill/references/youtube-remaining-20260929/short-03/mikey-youtube-short-027/transcript.json,wanjia-skill/references/youtube-remaining-20260929/short-03/mikey-youtube-short-027/distillation.json,automatic_transcription_not_sentence_by_sentence_verified,sampled_visual_manifest_available,not_sentence_by_sentence_verified
mikey-youtube-short-028,你和女生约会紧张的原因,youtube_public_short,2025-11-13,https://www.youtube.com/shorts/MqnwsxmTFL8,0,0,0,0,75,wanjia-skill/references/youtube-remaining-20260929/short-03/mikey-youtube-short-028/transcript.json,wanjia-skill/references/youtube-remaining-20260929/short-03/mikey-youtube-short-028/distillation.json,automatic_transcription_not_sentence_by_sentence_verified,sampled_visual_manifest_available,not_sentence_by_sentence_verified
mikey-youtube-short-029,价值≠价值感，很多人其实天生就有吸引力，只是很多人不敢做“自己”,youtube_public_short,2025-11-06,https://www.youtube.com/shorts/TUx4Jo4wEBk,0,0,0,0,35,wanjia-skill/references/youtube-remaining-20260929/short-03/mikey-youtube-short-029/transcript.json,wanjia-skill/references/youtube-remaining-20260929/short-03/mikey-youtube-short-029/distillation.json,automatic_transcription_not_sentence_by_sentence_verified,sampled_visual_manifest_available,not_sentence_by_sentence_verified
mikey-youtube-short-030,普通人应该自信,youtube_public_short,2025-10-14,https://www.youtube.com/shorts/Dn0SHuE89J0,0,0,0,0,63,wanjia-skill/references/youtube-remaining-20260929/short-03/mikey-youtube-short-030/transcript.json,wanjia-skill/references/youtube-remaining-20260929/short-03/mikey-youtube-short-030/distillation.json,automatic_transcription_not_sentence_by_sentence_verified,sampled_visual_manifest_available,not_sentence_by_sentence_verified
mikey-youtube-short-031,你波澜壮阔的人生，从不需要他人的评判和认同…,youtube_public_short,2025-09-16,https://www.youtube.com/shorts/iJ-sPn7b1_Q,0,0,0,0,54,wanjia-skill/references/youtube-remaining-20260929/short-04/mikey-youtube-short-031/transcript.json,wanjia-skill/references/youtube-remaining-20260929/short-04/mikey-youtube-short-031/distillation.json,automatic_transcription_not_sentence_by_sentence_verified,sampled_visual_manifest_available,not_sentence_by_sentence_verified
mikey-youtube-short-032,思考一個問題為什麽你在變優秀 變得越來越好，但是你game的女生Lev依然沒什麽變化？,youtube_public_short,2025-02-13,https://www.youtube.com/shorts/vT44uMVNSes,0,0,0,0,89,wanjia-skill/references/youtube-remaining-20260929/short-04/mikey-youtube-short-032/transcript.json,wanjia-skill/references/youtube-remaining-20260929/short-04/mikey-youtube-short-032/distillation.json,automatic_transcription_not_sentence_by_sentence_verified,sampled_visual_manifest_available,not_sentence_by_sentence_verified
mikey-youtube-short-033,高位框架，不是你做了什麽事才讓你高位，而是你對一些事情出現的情緒反應，這個狀態才能讓你“高位”#shorts,youtube_public_short,2024-12-21,https://www.youtube.com/shorts/apoG8W9NziA,0,0,0,0,72,wanjia-skill/references/youtube-remaining-20260929/short-04/mikey-youtube-short-033/transcript.json,wanjia-skill/references/youtube-remaining-20260929/short-04/mikey-youtube-short-033/distillation.json,automatic_transcription_not_sentence_by_sentence_verified,sampled_visual_manifest_available,not_sentence_by_sentence_verified
mikey-youtube-short-034,真實搭訕，搭訕181長腿女生丨搭訕丨愛情丨脫單丨情感丨戀愛丨dating in china#shorts,youtube_public_short,2024-08-15,https://www.youtube.com/shorts/-uU-eZT5c_E,0,0,0,0,18,wanjia-skill/references/youtube-remaining-20260929/short-04/mikey-youtube-short-034/transcript.json,wanjia-skill/references/youtube-remaining-20260929/short-04/mikey-youtube-short-034/distillation.json,automatic_transcription_not_sentence_by_sentence_verified,sampled_visual_manifest_available,not_sentence_by_sentence_verified
mikey-youtube-short-035,線下教學展示 如何轉場收尾？一定是需要滿足這些前提條件的丨愛情丨約會丨搭訕丨情感丨戀愛丨dating in china #shorts,youtube_public_short,2024-08-07,https://www.youtube.com/shorts/yu4M9Pjy79k,0,0,0,0,32,wanjia-skill/references/youtube-remaining-20260929/short-04/mikey-youtube-short-035/transcript.json,wanjia-skill/references/youtube-remaining-20260929/short-04/mikey-youtube-short-035/distillation.json,automatic_transcription_not_sentence_by_sentence_verified,sampled_visual_manifest_available,not_sentence_by_sentence_verified
mikey-youtube-short-036,真实搭讪 女生不停下怎么办？丨爱情丨约会丨搭讪丨情感丨恋爱丨dating in china#shorts,youtube_public_short,2024-07-26,https://www.youtube.com/shorts/STDni-HM_bo,3,3,0,0,13,wanjia-skill/references/youtube-remaining-20260929/short-04/mikey-youtube-short-036/transcript.json,wanjia-skill/references/youtube-remaining-20260929/short-04/mikey-youtube-short-036/distillation.json,automatic_transcription_not_sentence_by_sentence_verified,sampled_visual_manifest_available,not_sentence_by_sentence_verified
mikey-youtube-short-037,真实搭讪，正妹疯狂大笑丨爱情丨约会丨搭讪丨情感丨恋爱丨dating in china#shorts,youtube_public_short,2024-07-23,https://www.youtube.com/shorts/EqbzKgXKNC4,3,3,0,0,31,wanjia-skill/references/youtube-remaining-20260929/short-04/mikey-youtube-short-037/transcript.json,wanjia-skill/references/youtube-remaining-20260929/short-04/mikey-youtube-short-037/distillation.json,automatic_transcription_not_sentence_by_sentence_verified,sampled_visual_manifest_available,not_sentence_by_sentence_verified
mikey-youtube-short-038,真实搭讪，搭讪甜妹丨爱情丨约会丨搭讪丨情感丨恋爱丨dating in china#shorts,youtube_public_short,2024-07-22,https://www.youtube.com/shorts/Vi9Jw-UOwVU,0,0,0,0,6,wanjia-skill/references/youtube-remaining-20260929/short-04/mikey-youtube-short-038/transcript.json,wanjia-skill/references/youtube-remaining-20260929/short-04/mikey-youtube-short-038/distillation.json,automatic_transcription_not_sentence_by_sentence_verified,sampled_visual_manifest_available,not_sentence_by_sentence_verified
mikey-youtube-short-039,真实搭讪，搭讪眼镜妹丨爱情丨约会丨搭讪丨情感丨恋爱丨dating in china#shorts,youtube_public_short,2024-07-21,https://www.youtube.com/shorts/60HetHyw-tA,0,0,0,0,17,wanjia-skill/references/youtube-remaining-20260929/short-04/mikey-youtube-short-039/transcript.json,wanjia-skill/references/youtube-remaining-20260929/short-04/mikey-youtube-short-039/distillation.json,automatic_transcription_not_sentence_by_sentence_verified,sampled_visual_manifest_available,not_sentence_by_sentence_verified
mikey-youtube-short-040,真实搭讪 男朋友出现#shorts,youtube_public_short,2024-07-14,https://www.youtube.com/shorts/c5c_FjfzBZ4,0,0,0,0,9,wanjia-skill/references/youtube-remaining-20260929/short-04/mikey-youtube-short-040/transcript.json,wanjia-skill/references/youtube-remaining-20260929/short-04/mikey-youtube-short-040/distillation.json,automatic_transcription_not_sentence_by_sentence_verified,sampled_visual_manifest_available,not_sentence_by_sentence_verified
mikey-youtube-short-041,真实搭讪，搭讪大学生丨爱情丨约会丨搭讪丨情感丨恋爱丨dating in china#shorts,youtube_public_short,2024-07-04,https://www.youtube.com/shorts/o65H-5O2EsQ,2,2,0,0,12,wanjia-skill/references/youtube-remaining-20260929/short-05/mikey-youtube-short-041/transcript.json,wanjia-skill/references/youtube-remaining-20260929/short-05/mikey-youtube-short-041/distillation.json,automatic_transcription_not_sentence_by_sentence_verified,sampled_visual_manifest_available,not_sentence_by_sentence_verified
mikey-youtube-short-042,真实搭讪，在故宫搭讪丨爱情丨约会丨搭讪丨情感丨恋爱丨dating in china#shorts,youtube_public_short,2024-06-28,https://www.youtube.com/shorts/VBGL7Bb12Io,2,2,0,0,14,wanjia-skill/references/youtube-remaining-20260929/short-05/mikey-youtube-short-042/transcript.json,wanjia-skill/references/youtube-remaining-20260929/short-05/mikey-youtube-short-042/distillation.json,automatic_transcription_not_sentence_by_sentence_verified,sampled_visual_manifest_available,not_sentence_by_sentence_verified
mikey-youtube-short-043,改变的第一步是接纳#熱門 #dating,youtube_public_short,2024-04-21,https://www.youtube.com/shorts/beVlsu3s1mQ,0,0,0,0,19,wanjia-skill/references/youtube-remaining-20260929/short-05/mikey-youtube-short-043/transcript.json,wanjia-skill/references/youtube-remaining-20260929/short-05/mikey-youtube-short-043/distillation.json,automatic_transcription_not_sentence_by_sentence_verified,sampled_visual_manifest_available,not_sentence_by_sentence_verified
mikey-youtube-short-044,沸羊羊的爱情#dating #pua #搞笑,youtube_public_short,2024-04-16,https://www.youtube.com/shorts/SRv3bw4d6AA,0,0,0,0,29,wanjia-skill/references/youtube-remaining-20260929/short-05/mikey-youtube-short-044/transcript.json,wanjia-skill/references/youtube-remaining-20260929/short-05/mikey-youtube-short-044/distillation.json,automatic_transcription_not_sentence_by_sentence_verified,sampled_visual_manifest_available,not_sentence_by_sentence_verified
mikey-youtube-short-045,爱情没有最优选择，珍惜当下。 #dating #pua,youtube_public_short,2024-03-30,https://www.youtube.com/shorts/juXjBbeF0vs,2,2,0,0,11,wanjia-skill/references/youtube-remaining-20260929/short-05/mikey-youtube-short-045/transcript.json,wanjia-skill/references/youtube-remaining-20260929/short-05/mikey-youtube-short-045/distillation.json,automatic_transcription_not_sentence_by_sentence_verified,sampled_visual_manifest_available,not_sentence_by_sentence_verified
mikey-youtube-short-046,这世上到处都是害怕迈出第一步的孤独之人 #dating #pua,youtube_public_short,2024-03-28,https://www.youtube.com/shorts/zHgwYvflSrs,0,0,0,0,12,wanjia-skill/references/youtube-remaining-20260929/short-05/mikey-youtube-short-046/transcript.json,wanjia-skill/references/youtube-remaining-20260929/short-05/mikey-youtube-short-046/distillation.json,automatic_transcription_not_sentence_by_sentence_verified,sampled_visual_manifest_available,not_sentence_by_sentence_verified
mikey-youtube-short-047,人生中我对犯错的心态 #pua #dating,youtube_public_short,2024-03-27,https://www.youtube.com/shorts/n5elOH9OnBA,0,0,0,0,17,wanjia-skill/references/youtube-remaining-20260929/short-05/mikey-youtube-short-047/transcript.json,wanjia-skill/references/youtube-remaining-20260929/short-05/mikey-youtube-short-047/distillation.json,automatic_transcription_not_sentence_by_sentence_verified,sampled_visual_manifest_available,not_sentence_by_sentence_verified
mikey-youtube-short-048,练习不是低质量的重复 #dating #pua #搭讪,youtube_public_short,2024-03-15,https://www.youtube.com/shorts/wRh8BssCwuQ,0,0,0,0,12,wanjia-skill/references/youtube-remaining-20260929/short-05/mikey-youtube-short-048/transcript.json,wanjia-skill/references/youtube-remaining-20260929/short-05/mikey-youtube-short-048/distillation.json,automatic_transcription_not_sentence_by_sentence_verified,sampled_visual_manifest_available,not_sentence_by_sentence_verified
mikey-youtube-short-049,遇到出来玩手机的怎么办？丨搭讪丨约会丨dating in china丨#shorts,youtube_public_short,2024-03-07,https://www.youtube.com/shorts/J4fxjbY8u0U,0,0,0,0,17,wanjia-skill/references/youtube-remaining-20260929/short-05/mikey-youtube-short-049/transcript.json,wanjia-skill/references/youtube-remaining-20260929/short-05/mikey-youtube-short-049/distillation.json,automatic_transcription_not_sentence_by_sentence_verified,sampled_visual_manifest_available,not_sentence_by_sentence_verified
mikey-youtube-short-050,愿兄弟们都不做感情中的沸羊羊。共勉丨#shorts,youtube_public_short,2023-09-13,https://www.youtube.com/shorts/s-htda5k6Yo,0,0,0,0,4,wanjia-skill/references/youtube-remaining-20260929/short-05/mikey-youtube-short-050/transcript.json,wanjia-skill/references/youtube-remaining-20260929/short-05/mikey-youtube-short-050/distillation.json,automatic_transcription_not_sentence_by_sentence_verified,sampled_visual_manifest_available,not_sentence_by_sentence_verified
mikey-youtube-short-051,搭讪被打枪怎么办？  | 搭讪  丨约会丨dating in china #shorts,youtube_public_short,2023-06-27,https://www.youtube.com/shorts/m-jwCMQU1uQ,2,2,0,0,28,wanjia-skill/references/youtube-remaining-20260929/short-06/mikey-youtube-short-051/transcript.json,wanjia-skill/references/youtube-remaining-20260929/short-06/mikey-youtube-short-051/distillation.json,automatic_transcription_not_sentence_by_sentence_verified,sampled_visual_manifest_available,not_sentence_by_sentence_verified
mikey-youtube-video-001,A8学员觉醒逆袭！｜没有拿不下的女人，只有不开窍的龟男！,youtube_public_video,2026-09-26,https://www.youtube.com/watch?v=GQ6Md8q2R30,9,9,0,0,477,wanjia-skill/references/youtube-remaining-20260929/video-01/mikey-youtube-video-001/transcript.json,wanjia-skill/references/youtube-remaining-20260929/video-01/mikey-youtube-video-001/distillation.json,automatic_transcription_not_sentence_by_sentence_verified,sampled_visual_manifest_available,not_sentence_by_sentence_verified
mikey-youtube-video-002,全网最硬核得吃富家女攻略！丨澄清都說我開法拉利把妹 以前踩腳踏車依然把妹｜約會丨把妹丨情感丨戀愛丨約炮丨男性自我提升丨短期關係丨長期關係丨dating in china,youtube_public_video,2026-09-23,https://www.youtube.com/watch?v=oWRX-9Dl-QA,0,0,0,0,1957,wanjia-skill/references/youtube-remaining-20260929/video-01/mikey-youtube-video-002/transcript.json,wanjia-skill/references/youtube-remaining-20260929/video-01/mikey-youtube-video-002/distillation.json,automatic_transcription_not_sentence_by_sentence_verified,sampled_visual_manifest_available,not_sentence_by_sentence_verified
mikey-youtube-video-003,對不起，我愛上了別人的女朋友。這將是我最後一次使用禁忌之力丨約會丨把妹丨情感丨戀愛丨約炮丨男性自我提升丨短期關係丨長期關係丨dating in china,youtube_public_video,2026-09-16,https://www.youtube.com/watch?v=efyqkeWyhUw,0,0,0,0,1976,wanjia-skill/references/youtube-remaining-20260929/video-01/mikey-youtube-video-003/transcript.json,wanjia-skill/references/youtube-remaining-20260929/video-01/mikey-youtube-video-003/distillation.json,automatic_transcription_not_sentence_by_sentence_verified,sampled_visual_manifest_available,not_sentence_by_sentence_verified
mikey-youtube-video-004,【私教案例】學員拍個展示面竟然把美女攝影師睡了？丨約會丨把妹丨情感丨戀愛丨約炮丨男性自我提升丨短期關係丨長期關係丨dating in china,youtube_public_video,2026-09-09,https://www.youtube.com/watch?v=ea-wnYQpZWM,8,8,0,0,424,wanjia-skill/references/youtube-remaining-20260929/video-01/mikey-youtube-video-004/transcript.json,wanjia-skill/references/youtube-remaining-20260929/video-01/mikey-youtube-video-004/distillation.json,automatic_transcription_not_sentence_by_sentence_verified,sampled_visual_manifest_available,not_sentence_by_sentence_verified
mikey-youtube-video-005,TA們不是在維護景甜 TA們是在維護「索取邏輯」｜孫宇晨｜我的女友景甜｜5000萬美元代孕｜孫割丨胡錫進｜娛樂圈｜情感詐騙丨卵子,youtube_public_video,2026-09-02,https://www.youtube.com/watch?v=vA3vZJa00qM,7,7,0,0,343,wanjia-skill/references/youtube-remaining-20260929/video-01/mikey-youtube-video-005/transcript.json,wanjia-skill/references/youtube-remaining-20260929/video-01/mikey-youtube-video-005/distillation.json,automatic_transcription_not_sentence_by_sentence_verified,sampled_visual_manifest_available,not_sentence_by_sentence_verified
mikey-youtube-video-006,中國女人迎來「牛來」時代 國男得背大鍋｜王水牛｜easy girl ｜巴西牛排｜两性｜心理学｜香港兰桂坊老外事件｜复旦大学｜情感｜婚恋｜崇洋媚外｜约炮,youtube_public_video,2026-08-23,https://www.youtube.com/watch?v=mFQnUFGEFEY,10,10,0,0,607,wanjia-skill/references/youtube-remaining-20260929/video-01/mikey-youtube-video-006/transcript.json,wanjia-skill/references/youtube-remaining-20260929/video-01/mikey-youtube-video-006/distillation.json,automatic_transcription_not_sentence_by_sentence_verified,sampled_visual_manifest_available,not_sentence_by_sentence_verified
mikey-youtube-video-007,為什麼約會不要試圖牽手… 多數人都做錯了丨約會丨把妹丨情感丨戀愛丨約炮丨男性自我提升丨短期關係丨長期關係丨dating in china,youtube_public_video,2026-08-21,https://www.youtube.com/watch?v=r7rpeVQxTis,0,0,0,0,798,wanjia-skill/references/youtube-remaining-20260929/video-01/mikey-youtube-video-007/transcript.json,wanjia-skill/references/youtube-remaining-20260929/video-01/mikey-youtube-video-007/distillation.json,automatic_transcription_not_sentence_by_sentence_verified,sampled_visual_manifest_available,not_sentence_by_sentence_verified
mikey-youtube-video-008,"25岁女孩mina之死 深剖女性雌竞心理 偶像成""神"" 网络世界二极管横行丨約會丨把妹丨情感丨戀愛丨約炮丨短期關係丨長期關係丨dating in china",youtube_public_video,2026-08-20,https://www.youtube.com/watch?v=tkDjl6MSYoA,9,9,0,0,369,wanjia-skill/references/youtube-remaining-20260929/video-01/mikey-youtube-video-008/transcript.json,wanjia-skill/references/youtube-remaining-20260929/video-01/mikey-youtube-video-008/distillation.json,automatic_transcription_not_sentence_by_sentence_verified,sampled_visual_manifest_available,not_sentence_by_sentence_verified
mikey-youtube-video-009,萬字拆解 | 長期關係經營本質丨約會丨把妹丨情感丨戀愛丨約炮丨男性自我提升丨短期關係丨長期關係丨dating in china,youtube_public_video,2026-08-14,https://www.youtube.com/watch?v=K6TC-m0pJfU,0,0,0,0,843,wanjia-skill/references/youtube-remaining-20260929/video-01/mikey-youtube-video-009/transcript.json,wanjia-skill/references/youtube-remaining-20260929/video-01/mikey-youtube-video-009/distillation.json,automatic_transcription_not_sentence_by_sentence_verified,sampled_visual_manifest_available,not_sentence_by_sentence_verified
mikey-youtube-video-010,【私教案例】富家公子哥也会被捞女折磨， 如何破局？丨約會丨把妹丨情感丨戀愛丨約炮丨男性自我提升丨短期關係丨長期關係丨dating in china,youtube_public_video,2026-08-05,https://www.youtube.com/watch?v=pWKKfVHT0Ck,8,8,0,0,671,wanjia-skill/references/youtube-remaining-20260929/video-01/mikey-youtube-video-010/transcript.json,wanjia-skill/references/youtube-remaining-20260929/video-01/mikey-youtube-video-010/distillation.json,automatic_transcription_not_sentence_by_sentence_verified,sampled_visual_manifest_available,not_sentence_by_sentence_verified
mikey-youtube-video-011,当上拳王就能幸福？你低估了版本T0...丨約會丨把妹丨情感丨戀愛丨約炮丨男性自我提升丨短期關係丨長期關係丨dating in china,youtube_public_video,2026-08-03,https://www.youtube.com/watch?v=MJep9Wpzixg,8,8,0,0,468,wanjia-skill/references/youtube-remaining-20260929/video-02/mikey-youtube-video-011/transcript.json,wanjia-skill/references/youtube-remaining-20260929/video-02/mikey-youtube-video-011/distillation.json,automatic_transcription_not_sentence_by_sentence_verified,sampled_visual_manifest_available,not_sentence_by_sentence_verified
mikey-youtube-video-012,A8A9男如果不能满足女人慕强条件，会成为垃圾回收站丨約會丨把妹丨情感丨戀愛丨約炮丨短期關係丨長期關係丨dating in china,youtube_public_video,2026-07-28,https://www.youtube.com/watch?v=T3Yy6VpMJwI,0,0,0,0,1313,wanjia-skill/references/youtube-remaining-20260929/video-02/mikey-youtube-video-012/transcript.json,wanjia-skill/references/youtube-remaining-20260929/video-02/mikey-youtube-video-012/distillation.json,automatic_transcription_not_sentence_by_sentence_verified,sampled_visual_manifest_available,not_sentence_by_sentence_verified
mikey-youtube-video-013,底层男性扎堆付费学撩妹，谁的问题？丨約會丨把妹丨情感丨戀愛丨約炮丨男性自我提升丨短期關係丨長期關係丨dating in china,youtube_public_video,2026-07-24,https://www.youtube.com/watch?v=NDYxxv5Tjoo,7,7,0,0,504,wanjia-skill/references/youtube-remaining-20260929/video-02/mikey-youtube-video-013/transcript.json,wanjia-skill/references/youtube-remaining-20260929/video-02/mikey-youtube-video-013/distillation.json,automatic_transcription_not_sentence_by_sentence_verified,sampled_visual_manifest_available,not_sentence_by_sentence_verified
mikey-youtube-video-014,出场两天即封杀！独立男性们该何去何从？丨散帥詞條被封丨大陸男性覺醒丨男權丨女本位丨抖音丨言論管控丨情感丨戀愛丨約炮丨男性自我提升丨短期關係丨長期關係丨dating in china,youtube_public_video,2026-07-21,https://www.youtube.com/watch?v=NRaAhclf_nY,7,7,0,0,585,wanjia-skill/references/youtube-remaining-20260929/video-02/mikey-youtube-video-014/transcript.json,wanjia-skill/references/youtube-remaining-20260929/video-02/mikey-youtube-video-014/distillation.json,automatic_transcription_not_sentence_by_sentence_verified,sampled_visual_manifest_available,not_sentence_by_sentence_verified
mikey-youtube-video-015,撕开女人“慕强”真相！丨約會丨把妹丨情感丨戀愛丨約炮丨男性自我提升丨短期關係丨長期關係丨dating in china,youtube_public_video,2026-07-17,https://www.youtube.com/watch?v=6zV5Ud9tcNA,0,0,0,0,2017,wanjia-skill/references/youtube-remaining-20260929/video-02/mikey-youtube-video-015/transcript.json,wanjia-skill/references/youtube-remaining-20260929/video-02/mikey-youtube-video-015/distillation.json,automatic_transcription_not_sentence_by_sentence_verified,sampled_visual_manifest_available,not_sentence_by_sentence_verified
mikey-youtube-video-016,【私教案例】你为什么总PC？丨約會丨把妹丨情感丨戀愛丨約炮丨男性自我提升丨短期關係丨長期關係丨dating in china,youtube_public_video,2026-07-10,https://www.youtube.com/watch?v=KdUrSM8j7iQ,9,9,0,0,585,wanjia-skill/references/youtube-remaining-20260929/video-02/mikey-youtube-video-016/transcript.json,wanjia-skill/references/youtube-remaining-20260929/video-02/mikey-youtube-video-016/distillation.json,automatic_transcription_not_sentence_by_sentence_verified,sampled_visual_manifest_available,not_sentence_by_sentence_verified
mikey-youtube-video-017,【PUA解密系列】揭秘game圈真正的“祖师爷”丨約會丨把妹丨情感丨戀愛丨約炮丨男性自我提升丨短期關係丨長期關係丨dating in china,youtube_public_video,2026-07-04,https://www.youtube.com/watch?v=Mpw79dj6kmc,10,10,0,0,526,wanjia-skill/references/youtube-remaining-20260929/video-02/mikey-youtube-video-017/transcript.json,wanjia-skill/references/youtube-remaining-20260929/video-02/mikey-youtube-video-017/distillation.json,automatic_transcription_not_sentence_by_sentence_verified,sampled_visual_manifest_available,not_sentence_by_sentence_verified
mikey-youtube-video-018,【PUA解密系列】美国小伙黑化成为PUA祖师爷丨約會丨把妹丨情感丨戀愛丨約炮丨男性自我提升丨短期關係丨長期關係丨dating in china,youtube_public_video,2026-06-17,https://www.youtube.com/watch?v=YGHYMz3gpqA,10,10,0,0,258,wanjia-skill/references/youtube-remaining-20260929/video-02/mikey-youtube-video-018/transcript.json,wanjia-skill/references/youtube-remaining-20260929/video-02/mikey-youtube-video-018/distillation.json,automatic_transcription_not_sentence_by_sentence_verified,sampled_visual_manifest_available,not_sentence_by_sentence_verified
mikey-youtube-video-019,史上最强把妹课程丨搭讪玩家处女作丨预告丨約會丨把妹丨情感丨戀愛丨約炮丨短期關係丨長期關係丨dating in china,youtube_public_video,2026-05-22,https://www.youtube.com/watch?v=X2hSCB-EtEQ,0,0,0,0,95,wanjia-skill/references/youtube-remaining-20260929/video-02/mikey-youtube-video-019/transcript.json,wanjia-skill/references/youtube-remaining-20260929/video-02/mikey-youtube-video-019/distillation.json,automatic_transcription_not_sentence_by_sentence_verified,sampled_visual_manifest_available,not_sentence_by_sentence_verified
mikey-youtube-video-020,强男的不传之秘｜强行为线索速成篇｜自我提升丨社交认证丨自我意识觉醒丨社会底层代码丨約會丨把妹丨情感丨戀愛丨約炮丨男性自我提升丨短期關係丨長期關係丨dating in china,youtube_public_video,2026-04-22,https://www.youtube.com/watch?v=myHvEWyuWZI,10,10,0,0,401,wanjia-skill/references/youtube-remaining-20260929/video-02/mikey-youtube-video-020/transcript.json,wanjia-skill/references/youtube-remaining-20260929/video-02/mikey-youtube-video-020/distillation.json,automatic_transcription_not_sentence_by_sentence_verified,sampled_visual_manifest_available,not_sentence_by_sentence_verified
mikey-youtube-video-021,自信才是男人涅槃重生的唯一方法丨約會丨把妹丨情感丨戀愛丨約炮丨短期關係丨長期關係丨dating in china,youtube_public_video,2026-04-01,https://www.youtube.com/watch?v=UQzx50-eHZE,8,8,0,0,338,wanjia-skill/references/youtube-remaining-20260929/video-03/mikey-youtube-video-021/transcript.json,wanjia-skill/references/youtube-remaining-20260929/video-03/mikey-youtube-video-021/distillation.json,automatic_transcription_not_sentence_by_sentence_verified,sampled_visual_manifest_available,not_sentence_by_sentence_verified
mikey-youtube-video-022,【私教案例】为什么炮打的越多，还会越痛苦？丨強行爲線索丨自我提升丨社交認證丨自我意識覺醒丨社會底層代碼丨情感丨約會丨dating in china,youtube_public_video,2026-03-25,https://www.youtube.com/watch?v=-ibLhiQv4V8,10,10,0,0,409,wanjia-skill/references/youtube-remaining-20260929/video-03/mikey-youtube-video-022/transcript.json,wanjia-skill/references/youtube-remaining-20260929/video-03/mikey-youtube-video-022/distillation.json,automatic_transcription_not_sentence_by_sentence_verified,sampled_visual_manifest_available,not_sentence_by_sentence_verified
mikey-youtube-video-023,你並不普通為什麼卻一點也不自信?丨強行爲線索丨自我提升丨社交認證丨自我意識覺醒丨社會底層代碼丨情感丨約會丨dating in china,youtube_public_video,2026-03-18,https://www.youtube.com/watch?v=XyrXy0MmqDo,10,10,0,0,473,wanjia-skill/references/youtube-remaining-20260929/video-03/mikey-youtube-video-023/transcript.json,wanjia-skill/references/youtube-remaining-20260929/video-03/mikey-youtube-video-023/distillation.json,automatic_transcription_not_sentence_by_sentence_verified,sampled_visual_manifest_available,not_sentence_by_sentence_verified
mikey-youtube-video-024,揭秘行业内幕，职业选手是如何把妹的。丨私密空间丨情感丨恋爱丨dating in china 丨真实社交造假丨请演员,youtube_public_video,2026-01-30,https://www.youtube.com/watch?v=WtkiYS2CJ6Q,11,11,0,0,1064,wanjia-skill/references/youtube-remaining-20260929/video-03/mikey-youtube-video-024/transcript.json,wanjia-skill/references/youtube-remaining-20260929/video-03/mikey-youtube-video-024/distillation.json,automatic_transcription_not_sentence_by_sentence_verified,sampled_visual_manifest_available,not_sentence_by_sentence_verified
mikey-youtube-video-025,结婚当天偶遇“真老公”丨約會丨把妹丨情感丨戀愛丨約炮丨男性自我提升丨短期關係丨長期關係丨dating in china,youtube_public_video,2026-01-15,https://www.youtube.com/watch?v=EHKvEfaObSE,10,10,0,0,556,wanjia-skill/references/youtube-remaining-20260929/video-03/mikey-youtube-video-025/transcript.json,wanjia-skill/references/youtube-remaining-20260929/video-03/mikey-youtube-video-025/distillation.json,automatic_transcription_not_sentence_by_sentence_verified,sampled_visual_manifest_available,not_sentence_by_sentence_verified
mikey-youtube-video-026,關於把妹 你必須知道的真相丨約會丨把妹丨情感丨戀愛丨約炮丨男性自我提升丨短期關係丨長期關係丨dating in china,youtube_public_video,2025-11-28,https://www.youtube.com/watch?v=dKHIueGB0UE,9,9,0,0,632,wanjia-skill/references/youtube-remaining-20260929/video-03/mikey-youtube-video-026/transcript.json,wanjia-skill/references/youtube-remaining-20260929/video-03/mikey-youtube-video-026/distillation.json,automatic_transcription_not_sentence_by_sentence_verified,sampled_visual_manifest_available,not_sentence_by_sentence_verified
mikey-youtube-video-027,男性魅力的底层逻辑，车澈的魅力丨約會丨把妹丨情感丨戀愛丨約炮丨男性自我提升丨短期關係丨長期關係丨dating in china,youtube_public_video,2025-10-22,https://www.youtube.com/watch?v=uIiEXJAGugY,8,8,0,0,396,wanjia-skill/references/youtube-remaining-20260929/video-03/mikey-youtube-video-027/transcript.json,wanjia-skill/references/youtube-remaining-20260929/video-03/mikey-youtube-video-027/distillation.json,automatic_transcription_not_sentence_by_sentence_verified,sampled_visual_manifest_available,not_sentence_by_sentence_verified
mikey-youtube-video-028,拥有这5个转场技巧，你也能像我一样轻松带女生转场回家丨約會丨把妹丨情感丨戀愛丨約炮丨男性自我提升丨短期關係丨長期關係丨dating in china,youtube_public_video,2025-10-06,https://www.youtube.com/watch?v=suYJ3bMCxJc,10,10,0,0,214,wanjia-skill/references/youtube-remaining-20260929/video-03/mikey-youtube-video-028/transcript.json,wanjia-skill/references/youtube-remaining-20260929/video-03/mikey-youtube-video-028/distillation.json,automatic_transcription_not_sentence_by_sentence_verified,sampled_visual_manifest_available,not_sentence_by_sentence_verified
mikey-youtube-video-029,拥有玩家心态，NPC和主角的区别丨如何成为主角，变成生活的主人？丨自我意识觉醒丨社会底层代码丨約會丨把妹丨情感丨戀愛丨約炮丨男性自我提升丨短期關係丨長期關係丨dating in china,youtube_public_video,2025-10-02,https://www.youtube.com/watch?v=Nk8m70zAZAk,8,8,0,0,298,wanjia-skill/references/youtube-remaining-20260929/video-03/mikey-youtube-video-029/transcript.json,wanjia-skill/references/youtube-remaining-20260929/video-03/mikey-youtube-video-029/distillation.json,automatic_transcription_not_sentence_by_sentence_verified,sampled_visual_manifest_available,not_sentence_by_sentence_verified
mikey-youtube-video-030,人生必看！你蜕变的第一步丨如何获得自我丨自我意识觉醒丨21天丨約會丨把妹丨情感丨戀愛丨約炮丨男性自我提升丨短期關係丨長期關係丨dating in china,youtube_public_video,2025-09-09,https://www.youtube.com/watch?v=RRkgTfaBsEI,9,9,0,0,423,wanjia-skill/references/youtube-remaining-20260929/video-03/mikey-youtube-video-030/transcript.json,wanjia-skill/references/youtube-remaining-20260929/video-03/mikey-youtube-video-030/distillation.json,automatic_transcription_not_sentence_by_sentence_verified,sampled_visual_manifest_available,not_sentence_by_sentence_verified
mikey-youtube-video-031,什么是吸引？99%的人都不知道关于男性魅力的真相丨自我意识觉醒丨小明剑魔丨龟男丨約會丨把妹丨情感丨戀愛丨約炮丨男性自我提升丨短期關係丨長期關係丨dating in china,youtube_public_video,2025-08-19,https://www.youtube.com/watch?v=kwMvehGwOU8,7,7,0,0,437,wanjia-skill/references/youtube-remaining-20260929/video-04/mikey-youtube-video-031/transcript.json,wanjia-skill/references/youtube-remaining-20260929/video-04/mikey-youtube-video-031/distillation.json,automatic_transcription_not_sentence_by_sentence_verified,sampled_visual_manifest_available,not_sentence_by_sentence_verified
mikey-youtube-video-032,山西大同強奸案的背後丨男人征服世界 又如何沦为奴隶丨男人如何走出女本位社會的困境？ 丨社會真相 丨女本位丨矩陣,youtube_public_video,2025-06-05,https://www.youtube.com/watch?v=3nXm4bdpzLY,8,8,0,0,727,wanjia-skill/references/youtube-remaining-20260929/video-04/mikey-youtube-video-032/transcript.json,wanjia-skill/references/youtube-remaining-20260929/video-04/mikey-youtube-video-032/distillation.json,automatic_transcription_not_sentence_by_sentence_verified,sampled_visual_manifest_available,not_sentence_by_sentence_verified
mikey-youtube-video-033,你把不到妹是因為你太丑？丨約會丨把妹丨情感丨戀愛丨約炮丨男性自我提升丨短期關係丨長期關係丨dating in china,youtube_public_video,2025-03-18,https://www.youtube.com/watch?v=0hG_JSFWXwE,8,8,0,0,513,wanjia-skill/references/youtube-remaining-20260929/video-04/mikey-youtube-video-033/transcript.json,wanjia-skill/references/youtube-remaining-20260929/video-04/mikey-youtube-video-033/distillation.json,automatic_transcription_not_sentence_by_sentence_verified,sampled_visual_manifest_available,not_sentence_by_sentence_verified
mikey-youtube-video-034,小白必看，频道导读指南丨搭讪玩家TV丨約會丨把妹丨情感丨戀愛丨約炮丨男性自我提升丨短期關係丨長期關係丨dating in china,youtube_public_video,2024-06-27,https://www.youtube.com/watch?v=JpmWNxPyhLc,4,4,0,0,117,wanjia-skill/references/youtube-remaining-20260929/video-04/mikey-youtube-video-034/transcript.json,wanjia-skill/references/youtube-remaining-20260929/video-04/mikey-youtube-video-034/distillation.json,automatic_transcription_not_sentence_by_sentence_verified,sampled_visual_manifest_available,not_sentence_by_sentence_verified
mikey-youtube-video-035,【私教案例】40岁老板三天收尾女大学生丨线上聊天案例讲解丨約會丨把妹丨情感丨戀愛丨約炮丨男性自我提升丨短期關係丨長期關係丨dating in china,youtube_public_video,2024-05-07,https://www.youtube.com/watch?v=BGO3cSrAnsA,0,0,0,0,713,wanjia-skill/references/youtube-remaining-20260929/video-04/mikey-youtube-video-035/transcript.json,wanjia-skill/references/youtube-remaining-20260929/video-04/mikey-youtube-video-035/distillation.json,automatic_transcription_not_sentence_by_sentence_verified,sampled_visual_manifest_available,not_sentence_by_sentence_verified
mikey-youtube-video-036,情感导师的生活日记丨线下团课丨我像特工一样去各地完成任务丨VLOG丨搭讪丨情感丨脱单丨恋爱丨约会丨dating in china,youtube_public_video,2024-04-11,https://www.youtube.com/watch?v=OnmvpRXMkmo,0,0,0,0,639,wanjia-skill/references/youtube-remaining-20260929/video-04/mikey-youtube-video-036/transcript.json,wanjia-skill/references/youtube-remaining-20260929/video-04/mikey-youtube-video-036/distillation.json,automatic_transcription_not_sentence_by_sentence_verified,sampled_visual_manifest_available,not_sentence_by_sentence_verified
mikey-youtube-video-037,为什么学把妹丨約會丨把妹丨情感丨戀愛丨約炮丨男性自我提升丨短期關係丨長期關係丨dating in china,youtube_public_video,2024-01-04,https://www.youtube.com/watch?v=JGy32y2Qed4,0,0,0,0,1536,wanjia-skill/references/youtube-remaining-20260929/video-04/mikey-youtube-video-037/transcript.json,wanjia-skill/references/youtube-remaining-20260929/video-04/mikey-youtube-video-037/distillation.json,automatic_transcription_not_sentence_by_sentence_verified,sampled_visual_manifest_available,not_sentence_by_sentence_verified
mikey-youtube-video-038,线下学员经典案例丨搭讪缺少坚定感丨实战派复盘丨約會丨把妹丨情感丨戀愛丨約炮丨男性自我提升丨短期關係丨長期關係丨dating in china,youtube_public_video,2023-12-02,https://www.youtube.com/watch?v=7lRcZRGpezU,0,0,0,0,1194,wanjia-skill/references/youtube-remaining-20260929/video-04/mikey-youtube-video-038/transcript.json,wanjia-skill/references/youtube-remaining-20260929/video-04/mikey-youtube-video-038/distillation.json,automatic_transcription_not_sentence_by_sentence_verified,sampled_visual_manifest_available,not_sentence_by_sentence_verified
mikey-youtube-video-039,身高一米六能否把妹？丨经典学员案例丨約會丨把妹丨情感丨戀愛丨約炮丨男性自我提升丨短期關係丨長期關係丨dating in china,youtube_public_video,2023-11-05,https://www.youtube.com/watch?v=Wmvp6Lb9y_E,0,0,0,0,493,wanjia-skill/references/youtube-remaining-20260929/video-04/mikey-youtube-video-039/transcript.json,wanjia-skill/references/youtube-remaining-20260929/video-04/mikey-youtube-video-039/distillation.json,automatic_transcription_not_sentence_by_sentence_verified,sampled_visual_manifest_available,not_sentence_by_sentence_verified
mikey-youtube-video-040,痘痘挫男是怎么逆袭把妹达人的 丨我是谁丨我的起点有多高？丨約會丨把妹丨情感丨戀愛丨約炮丨男性自我提升丨短期關係丨長期關係丨dating in china,youtube_public_video,2023-08-02,https://www.youtube.com/watch?v=apXQmh1SYcQ,7,7,0,0,1632,wanjia-skill/references/youtube-remaining-20260929/video-04/mikey-youtube-video-040/transcript.json,wanjia-skill/references/youtube-remaining-20260929/video-04/mikey-youtube-video-040/distillation.json,automatic_transcription_not_sentence_by_sentence_verified,sampled_visual_manifest_available,not_sentence_by_sentence_verified
mikey-youtube-video-041,你的搭讪有一致性么？丨Game里的一致性丨瞬间吸引丨約會丨把妹丨情感丨戀愛丨約炮丨男性自我提升丨短期關係丨長期關係丨dating in china,youtube_public_video,2023-07-12,https://www.youtube.com/watch?v=OQt6E24FTqc,0,0,0,0,346,wanjia-skill/references/youtube-remaining-20260929/video-05/mikey-youtube-video-041/transcript.json,wanjia-skill/references/youtube-remaining-20260929/video-05/mikey-youtube-video-041/distillation.json,automatic_transcription_not_sentence_by_sentence_verified,sampled_visual_manifest_available,not_sentence_by_sentence_verified
mikey-youtube-video-042,你的搭讪为什么没卵用？什么是有效搭讪丨約會丨把妹丨情感丨戀愛丨約炮丨男性自我提升丨短期關係丨長期關係丨dating in china,youtube_public_video,2023-05-12,https://www.youtube.com/watch?v=ZPqbKTYMsuc,6,6,0,0,223,wanjia-skill/references/youtube-remaining-20260929/video-05/mikey-youtube-video-042/transcript.json,wanjia-skill/references/youtube-remaining-20260929/video-05/mikey-youtube-video-042/distillation.json,automatic_transcription_not_sentence_by_sentence_verified,sampled_visual_manifest_available,not_sentence_by_sentence_verified
mikey-youtube-video-043,有效搭讪的关键：私密距离丨男女框架丨瞬间吸引丨約會丨把妹丨情感丨戀愛丨約炮丨男性自我提升丨短期關係丨長期關係丨dating in china,youtube_public_video,2023-04-25,https://www.youtube.com/watch?v=f6_phteCGeM,0,0,0,0,91,wanjia-skill/references/youtube-remaining-20260929/video-05/mikey-youtube-video-043/transcript.json,wanjia-skill/references/youtube-remaining-20260929/video-05/mikey-youtube-video-043/distillation.json,automatic_transcription_not_sentence_by_sentence_verified,sampled_visual_manifest_available,not_sentence_by_sentence_verified
mikey-youtube-video-044,搭讪开场的松驰感，别TM再背收号台词了!丨約會丨把妹丨情感丨戀愛丨約炮丨男性自我提升丨短期關係丨長期關係丨dating in china,youtube_public_video,2023-03-18,https://www.youtube.com/watch?v=wVlG5mlGWbI,0,0,0,0,102,wanjia-skill/references/youtube-remaining-20260929/video-05/mikey-youtube-video-044/transcript.json,wanjia-skill/references/youtube-remaining-20260929/video-05/mikey-youtube-video-044/distillation.json,automatic_transcription_not_sentence_by_sentence_verified,sampled_visual_manifest_available,not_sentence_by_sentence_verified
mikey-youtube-video-045,搭讪自然的重要性丨約會丨把妹丨情感丨戀愛丨約炮丨男性自我提升丨短期關係丨長期關係丨dating in china,youtube_public_video,2023-02-22,https://www.youtube.com/watch?v=iMi4ns51Xgw,0,0,0,0,80,wanjia-skill/references/youtube-remaining-20260929/video-05/mikey-youtube-video-045/transcript.json,wanjia-skill/references/youtube-remaining-20260929/video-05/mikey-youtube-video-045/distillation.json,automatic_transcription_not_sentence_by_sentence_verified,sampled_visual_manifest_available,not_sentence_by_sentence_verified
mikey-youtube-community-001,社区帖 001,youtube_community_post,2025-07-16,https://www.youtube.com/post/Ugkx9HrpXTGkJNSptyMuWgKIIvmRzNQKoe4p,0,0,0,0,2,wanjia-skill/references/community-posts/mikey-youtube-community-001.json,,,,
mikey-youtube-community-002,社区帖 002,youtube_community_post,2025-07-17,https://www.youtube.com/post/UgkxKjk6KK30ASJVlsrYrAUY6N12pn9FYFXW,0,0,0,0,2,wanjia-skill/references/community-posts/mikey-youtube-community-002.json,,,,
mikey-youtube-community-003,社区帖 003,youtube_community_post,2025-07-18,https://www.youtube.com/post/UgkxtR-gtqUKdAEfLsYfdj41TPCgLfQyBX2i,0,0,0,0,2,wanjia-skill/references/community-posts/mikey-youtube-community-003.json,,,,
mikey-youtube-community-004,社区帖 004,youtube_community_post,2025-07-18,https://www.youtube.com/post/UgkxI-hlSK4UMgBDhD1pBZ68v7HwpHJ_FwRJ,0,0,0,0,2,wanjia-skill/references/community-posts/mikey-youtube-community-004.json,,,,
mikey-youtube-community-005,社区帖 005,youtube_community_post,2025-07-19,https://www.youtube.com/post/Ugkx1-FM5BJ0ckyynOxSg5kT98ji38CBgG58,0,0,0,0,6,wanjia-skill/references/community-posts/mikey-youtube-community-005.json,,,,
mikey-youtube-community-006,社区帖 006,youtube_community_post,2025-07-28,https://www.youtube.com/post/UgkxrJvoxIXFOsPvFBuhH8jQqLMVb8c174Ni,0,0,0,0,2,wanjia-skill/references/community-posts/mikey-youtube-community-006.json,,,,
mikey-youtube-community-007,社区帖 007,youtube_community_post,2025-07-30,https://www.youtube.com/post/UgkxWHdO8WHiGOdoH4_I7DGG1GdzEHI6xACe,0,0,0,0,2,wanjia-skill/references/community-posts/mikey-youtube-community-007.json,,,,
mikey-youtube-community-008,社区帖 008,youtube_community_post,2025-07-31,https://www.youtube.com/post/UgkxZTUICjf2UZ3tOF-rGjYhrLcz24c9UkEj,0,0,0,0,2,wanjia-skill/references/community-posts/mikey-youtube-community-008.json,,,,
mikey-youtube-community-009,社区帖 009,youtube_community_post,2025-08-01,https://www.youtube.com/post/UgkxSWcvgF3mioBTjiRIUSUkcdFR4xUtIuQF,0,0,0,0,2,wanjia-skill/references/community-posts/mikey-youtube-community-009.json,,,,
mikey-youtube-community-010,社区帖 010,youtube_community_post,2025-08-03,https://www.youtube.com/post/UgkxoJ9JYWqTLrAY9DmtcIGhVojSsHgYpXPj,0,0,0,0,3,wanjia-skill/references/community-posts/mikey-youtube-community-010.json,,,,
mikey-youtube-community-011,社区帖 011,youtube_community_post,2025-08-04,https://www.youtube.com/post/UgkxNWAsl6NGCyUATg816Mm5IHzoZ-YUJnFk,0,0,0,0,5,wanjia-skill/references/community-posts/mikey-youtube-community-011.json,,,,
mikey-youtube-community-012,社区帖 012,youtube_community_post,2025-08-06,https://www.youtube.com/post/UgkxQhANhC5_gEr0I6CxpwqI7Wngr1Ynchor,0,0,0,0,2,wanjia-skill/references/community-posts/mikey-youtube-community-012.json,,,,
mikey-youtube-community-013,社区帖 013,youtube_community_post,2025-08-11,https://www.youtube.com/post/UgkxHbJ2ugJup5XhUPxdem4qzZlvwOf2je7w,0,0,0,0,3,wanjia-skill/references/community-posts/mikey-youtube-community-013.json,,,,
mikey-youtube-community-014,社区帖 014,youtube_community_post,2025-08-12,https://www.youtube.com/post/UgkxVTm0c8Gb6GvIx-bpzPQ1L7UfKOY0zXhc,0,0,0,0,2,wanjia-skill/references/community-posts/mikey-youtube-community-014.json,,,,
mikey-youtube-community-015,社区帖 015,youtube_community_post,2025-08-13,https://www.youtube.com/post/UgkxK-uO3dOU7Kp-sCGVHTjLZH4B2jSB0OZo,0,0,0,0,2,wanjia-skill/references/community-posts/mikey-youtube-community-015.json,,,,
mikey-youtube-community-016,社区帖 016,youtube_community_post,2025-08-14,https://www.youtube.com/post/UgkxPEQnUHzZqNcmQTa_KzpX9A4_cj1esnQ_,0,0,0,0,2,wanjia-skill/references/community-posts/mikey-youtube-community-016.json,,,,
mikey-youtube-community-017,社区帖 017,youtube_community_post,2025-08-16,https://www.youtube.com/post/UgkxWH04pGeokVFQLUjiW6EFo6ij1pDAcmG0,0,0,0,0,2,wanjia-skill/references/community-posts/mikey-youtube-community-017.json,,,,
mikey-youtube-community-018,社区帖 018,youtube_community_post,2025-08-17,https://www.youtube.com/post/Ugkx33qOI-cMzvCLzujLB9mQgLMunyaeTbaH,0,0,0,0,3,wanjia-skill/references/community-posts/mikey-youtube-community-018.json,,,,
mikey-youtube-community-019,社区帖 019,youtube_community_post,2025-08-18,https://www.youtube.com/post/UgkxoFe6UMXpvItZ6eEIrUEIjrBSjEjGl2_I,0,0,0,0,2,wanjia-skill/references/community-posts/mikey-youtube-community-019.json,,,,
mikey-youtube-community-020,社区帖 020,youtube_community_post,2025-08-20,https://www.youtube.com/post/UgkxEd30FNP8UsS1hKmDfOPdN5ZntFDBjCG0,0,0,0,0,2,wanjia-skill/references/community-posts/mikey-youtube-community-020.json,,,,
mikey-youtube-community-021,社区帖 021,youtube_community_post,2025-08-27,https://www.youtube.com/post/UgkxI4r5Q1CGtfKjIJOxqKz-dHadViW4HmdT,0,0,0,0,2,wanjia-skill/references/community-posts/mikey-youtube-community-021.json,,,,
mikey-youtube-community-022,社区帖 022,youtube_community_post,2025-08-27,https://www.youtube.com/post/UgkxNYUFnFXYa_TTcuuO9nK6QjYTvmAqd836,0,0,0,0,2,wanjia-skill/references/community-posts/mikey-youtube-community-022.json,,,,
mikey-youtube-community-023,社区帖 023,youtube_community_post,2025-08-28,https://www.youtube.com/post/UgkxJFYdsCxkWj8O2IP0uT1pMcHxayULGVHY,0,0,0,0,3,wanjia-skill/references/community-posts/mikey-youtube-community-023.json,,,,
mikey-youtube-community-024,社区帖 024,youtube_community_post,2025-08-29,https://www.youtube.com/post/UgkxW5Ycnupu6MJCsHjRiN2dYL4R6jEEvC_i,0,0,0,0,3,wanjia-skill/references/community-posts/mikey-youtube-community-024.json,,,,
mikey-youtube-community-025,社区帖 025,youtube_community_post,2025-08-30,https://www.youtube.com/post/UgkxQr1OoGRQcgVZaihvgRxnwDSCZTj4bZOO,0,0,0,0,2,wanjia-skill/references/community-posts/mikey-youtube-community-025.json,,,,
mikey-youtube-community-026,社区帖 026,youtube_community_post,2025-08-31,https://www.youtube.com/post/UgkxB_Awcsb34kI066CAXu_q-pIy3Udx46r-,0,0,0,0,4,wanjia-skill/references/community-posts/mikey-youtube-community-026.json,,,,
mikey-youtube-community-027,社区帖 027,youtube_community_post,2025-09-01,https://www.youtube.com/post/UgkxMocnA0rn03jd7E35MCY8MueLJuGY4N6G,0,0,0,0,2,wanjia-skill/references/community-posts/mikey-youtube-community-027.json,,,,
mikey-youtube-community-028,社区帖 028,youtube_community_post,2025-09-02,https://www.youtube.com/post/UgkxrYxrCACt1dkJ_X7v-XcvPxaK8JUqeKUD,0,0,0,0,2,wanjia-skill/references/community-posts/mikey-youtube-community-028.json,,,,
mikey-youtube-community-029,社区帖 029,youtube_community_post,2025-09-03,https://www.youtube.com/post/UgkxO9RIfMckFdpUEe3yqDsrwZMIsZuC8ti3,0,0,0,0,2,wanjia-skill/references/community-posts/mikey-youtube-community-029.json,,,,
mikey-youtube-community-030,社区帖 030,youtube_community_post,2025-09-06,https://www.youtube.com/post/UgkxPG0ErLgcj5qq2N11VvfEV3hpEcfTf0Hz,0,0,0,0,1,wanjia-skill/references/community-posts/mikey-youtube-community-030.json,,,,
mikey-youtube-community-031,社区帖 031,youtube_community_post,2025-09-07,https://www.youtube.com/post/UgkxlgeTpSS5HbyGLNE9tmNAUZTkZWrRPy4h,0,0,0,0,2,wanjia-skill/references/community-posts/mikey-youtube-community-031.json,,,,
mikey-youtube-community-032,社区帖 032,youtube_community_post,2025-09-08,https://www.youtube.com/post/Ugkxqp5L_sjp1vGTm94pm8JSjdeBbGhhn-96,0,0,0,0,2,wanjia-skill/references/community-posts/mikey-youtube-community-032.json,,,,
mikey-youtube-community-033,社区帖 033,youtube_community_post,2025-09-09,https://www.youtube.com/post/Ugkxw3y_ult7VkmXIWrGLpgOTwDdnUuzyP_p,0,0,0,0,2,wanjia-skill/references/community-posts/mikey-youtube-community-033.json,,,,
mikey-youtube-community-034,社区帖 034,youtube_community_post,2025-09-10,https://www.youtube.com/post/UgkxqHG-PR36tF3rHGynfxLwXpS130V1BEJt,0,0,0,0,2,wanjia-skill/references/community-posts/mikey-youtube-community-034.json,,,,
mikey-youtube-community-035,社区帖 035,youtube_community_post,2025-09-12,https://www.youtube.com/post/UgkxofMtPSkAHwIiGbtn1SNXn93GYyPjv8Nm,0,0,0,0,6,wanjia-skill/references/community-posts/mikey-youtube-community-035.json,,,,
mikey-youtube-community-036,社区帖 036,youtube_community_post,2025-09-13,https://www.youtube.com/post/UgkxgdqloCNXckGOutoLAwLgRvk8wrllMjNN,0,0,0,0,2,wanjia-skill/references/community-posts/mikey-youtube-community-036.json,,,,
mikey-youtube-community-037,社区帖 037,youtube_community_post,2025-09-13,https://www.youtube.com/post/Ugkx_SGngiRIWvumhLysLEef9AVgqbWkqayY,0,0,0,0,2,wanjia-skill/references/community-posts/mikey-youtube-community-037.json,,,,
mikey-youtube-community-038,社区帖 038,youtube_community_post,2025-09-14,https://www.youtube.com/post/UgkxfNLR27WqxnoyJjFmUO8lqLl3Dro-CDi-,0,0,0,0,2,wanjia-skill/references/community-posts/mikey-youtube-community-038.json,,,,
mikey-youtube-community-039,社区帖 039,youtube_community_post,2025-09-15,https://www.youtube.com/post/Ugkx1RmuzZKi9ot8QU4aQUABj13BvEXn2f__,0,0,0,0,6,wanjia-skill/references/community-posts/mikey-youtube-community-039.json,,,,
mikey-youtube-community-040,社区帖 040,youtube_community_post,2025-09-16,https://www.youtube.com/post/UgkxhFWSUCn5skz9FeTGgvOTKSA16BEQCaoN,0,0,0,0,2,wanjia-skill/references/community-posts/mikey-youtube-community-040.json,,,,
mikey-youtube-community-041,社区帖 041,youtube_community_post,2025-09-18,https://www.youtube.com/post/UgkxtKGyP5v7zJM_87Qe94wSFnknweAC9HTg,0,0,0,0,2,wanjia-skill/references/community-posts/mikey-youtube-community-041.json,,,,
mikey-youtube-community-042,社区帖 042,youtube_community_post,2025-09-20,https://www.youtube.com/post/UgkxuJvaBnSaWyWnxt2Ygc12uD0ApBzp2e6H,0,0,0,0,2,wanjia-skill/references/community-posts/mikey-youtube-community-042.json,,,,
mikey-youtube-community-043,社区帖 043,youtube_community_post,2025-09-21,https://www.youtube.com/post/Ugkx9SOTgrp4PLbMJRi6-KnLklBjWhwegWKq,0,0,0,0,2,wanjia-skill/references/community-posts/mikey-youtube-community-043.json,,,,
mikey-youtube-community-044,社区帖 044,youtube_community_post,2025-09-22,https://www.youtube.com/post/UgkxtTA6oadeeelNUDG-Ij-LE9ZybpQjAPsq,0,0,0,0,2,wanjia-skill/references/community-posts/mikey-youtube-community-044.json,,,,
mikey-youtube-community-045,社区帖 045,youtube_community_post,2025-09-23,https://www.youtube.com/post/UgkxNaHYFEy0NjmlKJa6gUlRWdLNcQNgaTgW,0,0,0,0,2,wanjia-skill/references/community-posts/mikey-youtube-community-045.json,,,,
mikey-youtube-community-046,社区帖 046,youtube_community_post,2025-09-23,https://www.youtube.com/post/UgkxDCcKufSAWSioMdzzEua9AGdJsXzeRvrL,0,0,0,0,2,wanjia-skill/references/community-posts/mikey-youtube-community-046.json,,,,
mikey-youtube-community-047,社区帖 047,youtube_community_post,2025-09-25,https://www.youtube.com/post/UgkxCkxsW7wtZlYniifdYQRCyVXo3dOGK3MM,0,0,0,0,4,wanjia-skill/references/community-posts/mikey-youtube-community-047.json,,,,
mikey-youtube-community-048,社区帖 048,youtube_community_post,2025-09-26,https://www.youtube.com/post/UgkxI8laZM7Q-1hPR6KmCiDUiULBStgoeVTP,1,1,0,0,2,wanjia-skill/references/community-posts/mikey-youtube-community-048.json,,,,
mikey-youtube-community-049,社区帖 049,youtube_community_post,2025-09-29,https://www.youtube.com/post/UgkxVNxmzq7OZDVbd8ELRCrP1qcBkSRHvuO_,0,0,0,0,2,wanjia-skill/references/community-posts/mikey-youtube-community-049.json,,,,
mikey-youtube-community-050,社区帖 050,youtube_community_post,2025-09-30,https://www.youtube.com/post/UgkxKB-gAD2B2SweXLUm_In48ly1lXpPdq5N,0,0,0,0,2,wanjia-skill/references/community-posts/mikey-youtube-community-050.json,,,,
mikey-youtube-community-051,社区帖 051,youtube_community_post,2025-10-01,https://www.youtube.com/post/UgkxIZodSLW7i-D-qR8T7dyme3jBbC_BtgpI,0,0,0,0,1,wanjia-skill/references/community-posts/mikey-youtube-community-051.json,,,,
mikey-youtube-community-052,社区帖 052,youtube_community_post,2025-10-02,https://www.youtube.com/post/UgkxqqxnAMoeZ8AJJHbwiNxRnURlli2nOm6Z,0,0,0,0,2,wanjia-skill/references/community-posts/mikey-youtube-community-052.json,,,,
mikey-youtube-community-053,社区帖 053,youtube_community_post,2025-10-03,https://www.youtube.com/post/Ugkxixipoqq5adevLbbVjfypI2Vhayk7FLzX,0,0,0,0,2,wanjia-skill/references/community-posts/mikey-youtube-community-053.json,,,,
mikey-youtube-community-054,社区帖 054,youtube_community_post,2025-10-07,https://www.youtube.com/post/UgkxA9dZjIY0LzuDE4gDLmjpPQv0BWYPyqxZ,0,0,0,0,2,wanjia-skill/references/community-posts/mikey-youtube-community-054.json,,,,
mikey-youtube-community-055,社区帖 055,youtube_community_post,2025-10-08,https://www.youtube.com/post/UgkxrluG-l7WvWXZsdlmAlL3Ass7tVFZaQIc,0,0,0,0,2,wanjia-skill/references/community-posts/mikey-youtube-community-055.json,,,,
mikey-youtube-community-056,社区帖 056,youtube_community_post,2025-10-09,https://www.youtube.com/post/UgkxG-LrePXiL4bQsM6JB1TeXOCjfujDTzbJ,0,0,0,0,2,wanjia-skill/references/community-posts/mikey-youtube-community-056.json,,,,
mikey-youtube-community-057,社区帖 057,youtube_community_post,2025-10-11,https://www.youtube.com/post/UgkxbO9UyFwNYTc7j2jygcMLFuUAAJV26Aks,0,0,0,0,2,wanjia-skill/references/community-posts/mikey-youtube-community-057.json,,,,
mikey-youtube-community-058,社区帖 058,youtube_community_post,2025-10-26,https://www.youtube.com/post/UgkxAEVDXurPcIuMo4tWlfRShV6062ZoPndg,0,0,0,0,2,wanjia-skill/references/community-posts/mikey-youtube-community-058.json,,,,
mikey-youtube-community-059,社区帖 059,youtube_community_post,2025-10-26,https://www.youtube.com/post/Ugkx4AGGzhi_9gP_PYUz2cD4wWND4NnrVyDP,0,0,0,0,2,wanjia-skill/references/community-posts/mikey-youtube-community-059.json,,,,
mikey-youtube-community-060,社区帖 060,youtube_community_post,2025-10-28,https://www.youtube.com/post/UgkxxKCRDR0JKpog0XHVm0pg2QQ9OSCfzp5U,0,0,0,0,2,wanjia-skill/references/community-posts/mikey-youtube-community-060.json,,,,
mikey-youtube-community-061,社区帖 061,youtube_community_post,2025-10-29,https://www.youtube.com/post/Ugkx6nOE1_IwbIaZSGO9tnMXn1IxcTiovAa_,0,0,0,0,2,wanjia-skill/references/community-posts/mikey-youtube-community-061.json,,,,
mikey-youtube-community-062,社区帖 062,youtube_community_post,2025-10-30,https://www.youtube.com/post/UgkxDPeNHyU-jRIORheO8gW8S9at-Ys-5NrS,0,0,0,0,5,wanjia-skill/references/community-posts/mikey-youtube-community-062.json,,,,
mikey-youtube-community-063,社区帖 063,youtube_community_post,2025-11-01,https://www.youtube.com/post/UgkxmBK8GaKIJGw2ZmjKVFK8igw3BBq1wf1a,0,0,0,0,2,wanjia-skill/references/community-posts/mikey-youtube-community-063.json,,,,
mikey-youtube-community-064,社区帖 064,youtube_community_post,2025-11-02,https://www.youtube.com/post/UgkxPV0FkyY8spctaKV310CjVsb3S6ScVAUm,0,0,0,0,1,wanjia-skill/references/community-posts/mikey-youtube-community-064.json,,,,
mikey-youtube-community-065,社区帖 065,youtube_community_post,2025-11-05,https://www.youtube.com/post/Ugkx9mkFVkKGz8QCebb-vFNpHrWJs7DRhxYc,0,0,0,0,2,wanjia-skill/references/community-posts/mikey-youtube-community-065.json,,,,
mikey-youtube-community-066,社区帖 066,youtube_community_post,2025-11-06,https://www.youtube.com/post/UgkxIh1k9LkK8kOC_JZWTJWuEr9S7pfOuK48,0,0,0,0,2,wanjia-skill/references/community-posts/mikey-youtube-community-066.json,,,,
mikey-youtube-community-067,社区帖 067,youtube_community_post,2025-11-09,https://www.youtube.com/post/UgkxgJ62X7IwDuRZM-9LVWZ7Qx1j8O-VJIHx,1,1,0,0,2,wanjia-skill/references/community-posts/mikey-youtube-community-067.json,,,,
mikey-youtube-community-068,社区帖 068,youtube_community_post,2025-11-10,https://www.youtube.com/post/UgkxkJ21wVVUEy4YPs2yLACATsWjpeWcDXGC,0,0,0,0,6,wanjia-skill/references/community-posts/mikey-youtube-community-068.json,,,,
mikey-youtube-community-069,社区帖 069,youtube_community_post,2025-11-11,https://www.youtube.com/post/UgkxCvri2EpwgPPiJciWh31mcxflMhdNGcaU,0,0,0,0,2,wanjia-skill/references/community-posts/mikey-youtube-community-069.json,,,,
mikey-youtube-community-070,社区帖 070,youtube_community_post,2025-11-12,https://www.youtube.com/post/UgkxDSKTsPJl49Xyh8f1hbbQOiTYENZBVGEm,0,0,0,0,2,wanjia-skill/references/community-posts/mikey-youtube-community-070.json,,,,
mikey-youtube-community-071,社区帖 071,youtube_community_post,2025-11-13,https://www.youtube.com/post/UgkxWwVnL0wnRTeT73_XRQYbq6lDjTVTmOYm,0,0,0,0,2,wanjia-skill/references/community-posts/mikey-youtube-community-071.json,,,,
mikey-youtube-community-072,社区帖 072,youtube_community_post,2025-11-13,https://www.youtube.com/post/UgkxvmPaLXbREBOAEQs72OQa3qETsaIoChe8,1,1,0,0,2,wanjia-skill/references/community-posts/mikey-youtube-community-072.json,,,,
mikey-youtube-community-073,社区帖 073,youtube_community_post,2025-11-16,https://www.youtube.com/post/Ugkxs-M4uv2MDus9vuVzFigAfCZzGJTe0wkZ,0,0,0,0,2,wanjia-skill/references/community-posts/mikey-youtube-community-073.json,,,,
mikey-youtube-community-074,社区帖 074,youtube_community_post,2025-11-18,https://www.youtube.com/post/UgkxcDGfNCyYMk5PdcQZpLYrYgW_X9XNGMbu,0,0,0,0,6,wanjia-skill/references/community-posts/mikey-youtube-community-074.json,,,,
mikey-youtube-community-075,社区帖 075,youtube_community_post,2025-11-21,https://www.youtube.com/post/UgkxZNf1ha-bT_ftgl30w0Z92tucYdst60XY,0,0,0,0,3,wanjia-skill/references/community-posts/mikey-youtube-community-075.json,,,,
mikey-youtube-community-076,社区帖 076,youtube_community_post,2025-11-24,https://www.youtube.com/post/UgkxnwFt6ytl6jnF_O98-uwLomJ9rCX2cgi4,0,0,0,0,3,wanjia-skill/references/community-posts/mikey-youtube-community-076.json,,,,
mikey-youtube-community-077,社区帖 077,youtube_community_post,2025-11-30,https://www.youtube.com/post/UgkxpHgWBtqwrRGUpaSsegOwPtygf0gVnEk4,0,0,0,0,2,wanjia-skill/references/community-posts/mikey-youtube-community-077.json,,,,
mikey-youtube-community-078,社区帖 078,youtube_community_post,2025-12-01,https://www.youtube.com/post/UgkxYx6zR3c61SteSvZxX09ireVcKTqirAUn,0,0,0,0,5,wanjia-skill/references/community-posts/mikey-youtube-community-078.json,,,,
mikey-youtube-community-079,社区帖 079,youtube_community_post,2025-12-02,https://www.youtube.com/post/Ugkx7Ho4ttIw0vihSz1FWjQBgb3gpg11z_hr,0,0,0,0,3,wanjia-skill/references/community-posts/mikey-youtube-community-079.json,,,,
mikey-youtube-community-080,社区帖 080,youtube_community_post,2025-12-03,https://www.youtube.com/post/UgkxGyP_GkzWOCMNAb8GdPqjknM-rlWAC5op,0,0,0,0,2,wanjia-skill/references/community-posts/mikey-youtube-community-080.json,,,,
mikey-youtube-community-081,社区帖 081,youtube_community_post,2025-12-03,https://www.youtube.com/post/UgkxVmJPu258g-tV4G5goN8QFNWnOfW3UYr7,0,0,0,0,2,wanjia-skill/references/community-posts/mikey-youtube-community-081.json,,,,
mikey-youtube-community-082,社区帖 082,youtube_community_post,2025-12-05,https://www.youtube.com/post/UgkxPcc196ZrHKx1QZqeRhLnJpNgHGViPT-k,0,0,0,0,2,wanjia-skill/references/community-posts/mikey-youtube-community-082.json,,,,
mikey-youtube-community-083,社区帖 083,youtube_community_post,2025-12-06,https://www.youtube.com/post/UgkxltczcKoSnJ_tkfbRSVu5HKMz1FhuDmkU,0,0,0,0,2,wanjia-skill/references/community-posts/mikey-youtube-community-083.json,,,,
mikey-youtube-community-084,社区帖 084,youtube_community_post,2025-12-08,https://www.youtube.com/post/UgkxmGlR4lcTDRbyUN_ckDaN9_X7qk_X0Uk-,0,0,0,0,3,wanjia-skill/references/community-posts/mikey-youtube-community-084.json,,,,
mikey-youtube-community-085,社区帖 085,youtube_community_post,2025-12-09,https://www.youtube.com/post/UgkxiiHrrhcIHDROZCTMsEDpl8Vix39FQ72k,0,0,0,0,10,wanjia-skill/references/community-posts/mikey-youtube-community-085.json,,,,
mikey-youtube-community-086,社区帖 086,youtube_community_post,2025-12-10,https://www.youtube.com/post/UgkxD-QF_AYSDTK81LJqAQBh3y9HqcLHri3u,0,0,0,0,2,wanjia-skill/references/community-posts/mikey-youtube-community-086.json,,,,
mikey-youtube-community-087,社区帖 087,youtube_community_post,2025-12-11,https://www.youtube.com/post/UgkxTGQJ3Vs3FZtUAWfsb-4kqh6LhEx2cfLf,1,1,0,0,2,wanjia-skill/references/community-posts/mikey-youtube-community-087.json,,,,
mikey-youtube-community-088,社区帖 088,youtube_community_post,2025-12-12,https://www.youtube.com/post/UgkxLl4lE__3Qj9-br-cmzvjDA47hqW1lTf1,0,0,0,0,2,wanjia-skill/references/community-posts/mikey-youtube-community-088.json,,,,
mikey-youtube-community-089,社区帖 089,youtube_community_post,2025-12-13,https://www.youtube.com/post/Ugkx4iV0OdcAQM5rh70GYmNQwTVoA-15XnOF,0,0,0,0,3,wanjia-skill/references/community-posts/mikey-youtube-community-089.json,,,,
mikey-youtube-community-090,社区帖 090,youtube_community_post,2025-12-15,https://www.youtube.com/post/UgkxUDo-B1wxIL-adhIk7vvRIMHpuymbKyvv,0,0,0,0,2,wanjia-skill/references/community-posts/mikey-youtube-community-090.json,,,,
mikey-youtube-community-091,社区帖 091,youtube_community_post,2025-12-17,https://www.youtube.com/post/UgkxFoVP7oQdjKCWR0q01Rh_-tC1VK5Rn1dr,0,0,0,0,2,wanjia-skill/references/community-posts/mikey-youtube-community-091.json,,,,
mikey-youtube-community-092,社区帖 092,youtube_community_post,2025-12-18,https://www.youtube.com/post/UgkxV0w_GlKdhg7Vlj6tbiK_s0oPZHv_3rvC,0,0,0,0,3,wanjia-skill/references/community-posts/mikey-youtube-community-092.json,,,,
mikey-youtube-community-093,社区帖 093,youtube_community_post,2025-12-20,https://www.youtube.com/post/Ugkx31OymWCh0Oz89p1slOTQvru54Vo9na4m,0,0,0,0,5,wanjia-skill/references/community-posts/mikey-youtube-community-093.json,,,,
mikey-youtube-community-094,社区帖 094,youtube_community_post,2025-12-25,https://www.youtube.com/post/Ugkxty1qNY3WZRKAUAMzJqhFUBRE_TEvkQ20,0,0,0,0,2,wanjia-skill/references/community-posts/mikey-youtube-community-094.json,,,,
mikey-youtube-community-095,社区帖 095,youtube_community_post,2025-12-26,https://www.youtube.com/post/UgkxeYwMMmzsiisaBpPGY8sIWtx62yGZNCKg,0,0,0,0,2,wanjia-skill/references/community-posts/mikey-youtube-community-095.json,,,,
mikey-youtube-community-096,社区帖 096,youtube_community_post,2025-12-26,https://www.youtube.com/post/UgkxcyCS0DCh2jTa-_0LHxsSb_NTfsKl2mXQ,0,0,0,0,4,wanjia-skill/references/community-posts/mikey-youtube-community-096.json,,,,
mikey-youtube-community-097,社区帖 097,youtube_community_post,2026-01-02,https://www.youtube.com/post/Ugkxlh7Cvida7XGFGImJolb4dKsZTvhLYktG,0,0,0,0,3,wanjia-skill/references/community-posts/mikey-youtube-community-097.json,,,,
mikey-youtube-community-098,社区帖 098,youtube_community_post,2026-01-06,https://www.youtube.com/post/Ugkx0EYNNc5NmLXcc027w4pi4WJ10xLglY_1,0,0,0,0,2,wanjia-skill/references/community-posts/mikey-youtube-community-098.json,,,,
mikey-youtube-community-099,社区帖 099,youtube_community_post,2026-01-07,https://www.youtube.com/post/UgkxbmTXsJSSo9S1DsHwUrzOMMRdpJnqzItF,0,0,0,0,2,wanjia-skill/references/community-posts/mikey-youtube-community-099.json,,,,
mikey-youtube-community-100,社区帖 100,youtube_community_post,2026-01-13,https://www.youtube.com/post/Ugkxuz5YFwyR8N8EwCSC9ZrKEr2PtKfInQK1,0,0,0,0,2,wanjia-skill/references/community-posts/mikey-youtube-community-100.json,,,,
mikey-youtube-community-101,社区帖 101,youtube_community_post,2026-01-17,https://www.youtube.com/post/Ugkx7knVEFdN-MXzz7k6_6g9JvtJ_72hm7Id,0,0,0,0,3,wanjia-skill/references/community-posts/mikey-youtube-community-101.json,,,,
mikey-youtube-community-102,社区帖 102,youtube_community_post,2026-01-20,https://www.youtube.com/post/UgkxD0w1mfbc6NI7XgEwljqMao8HQsAFXpNz,0,0,0,0,3,wanjia-skill/references/community-posts/mikey-youtube-community-102.json,,,,
mikey-youtube-community-103,社区帖 103,youtube_community_post,2026-01-22,https://www.youtube.com/post/Ugkx_j3yWmmBJA-PAHirOB5f6yPabSKwDZb-,0,0,0,0,2,wanjia-skill/references/community-posts/mikey-youtube-community-103.json,,,,
mikey-youtube-community-104,社区帖 104,youtube_community_post,2026-01-24,https://www.youtube.com/post/UgkxPKS2H-wWxT1dIlXwaxgfNFrACRF1ZkjX,0,0,0,0,5,wanjia-skill/references/community-posts/mikey-youtube-community-104.json,,,,
mikey-youtube-community-105,社区帖 105,youtube_community_post,2026-01-27,https://www.youtube.com/post/UgkxXKTWBcQLZiVxLPO0gUOsMuj-3gYsYddK,0,0,0,0,2,wanjia-skill/references/community-posts/mikey-youtube-community-105.json,,,,
mikey-youtube-community-106,社区帖 106,youtube_community_post,2026-01-28,https://www.youtube.com/post/UgkxXQgZzz90FwSqM0ixkL7-Sc8PdjJot684,0,0,0,0,2,wanjia-skill/references/community-posts/mikey-youtube-community-106.json,,,,
mikey-youtube-community-107,社区帖 107,youtube_community_post,2026-01-29,https://www.youtube.com/post/UgkxCsIg2Zr2UaKtb0m3rGwgj2OSpkGqD3oq,0,0,0,0,5,wanjia-skill/references/community-posts/mikey-youtube-community-107.json,,,,
mikey-youtube-community-108,社区帖 108,youtube_community_post,2026-02-06,https://www.youtube.com/post/UgkxAHTV_2oY9uwpfu1jBZuAyj5z3uJzGzeX,0,0,0,0,5,wanjia-skill/references/community-posts/mikey-youtube-community-108.json,,,,
mikey-youtube-community-109,社区帖 109,youtube_community_post,2026-02-06,https://www.youtube.com/post/UgkxgYfQoXdAmlIJRdl8u8rTAsmR_XhKdXUV,0,0,0,0,2,wanjia-skill/references/community-posts/mikey-youtube-community-109.json,,,,
mikey-youtube-community-110,社区帖 110,youtube_community_post,2026-02-10,https://www.youtube.com/post/UgkxEnH1wi0mNjIedwqy-B-UjfISm8u6QSZD,0,0,0,0,2,wanjia-skill/references/community-posts/mikey-youtube-community-110.json,,,,
mikey-youtube-community-111,社区帖 111,youtube_community_post,2026-02-10,https://www.youtube.com/post/Ugkxgsj4Th6j7ML5zP53XFwY5MZaZGEtBLCz,0,0,0,0,2,wanjia-skill/references/community-posts/mikey-youtube-community-111.json,,,,
mikey-youtube-community-112,社区帖 112,youtube_community_post,2026-02-12,https://www.youtube.com/post/UgkxuRKHG3ZROKFu6tvUvLyCwKG-7bH7_th9,0,0,0,0,2,wanjia-skill/references/community-posts/mikey-youtube-community-112.json,,,,
mikey-youtube-community-113,社区帖 113,youtube_community_post,2026-02-14,https://www.youtube.com/post/Ugkx7MOH1pQ33jzTBMTngopmNQQaWCv8ihPZ,0,0,0,0,1,wanjia-skill/references/community-posts/mikey-youtube-community-113.json,,,,
mikey-youtube-community-114,社区帖 114,youtube_community_post,2026-02-14,https://www.youtube.com/post/UgkxBQl5ad0dqnbA-l6l-cbUFLx_CiufEcm9,0,0,0,0,2,wanjia-skill/references/community-posts/mikey-youtube-community-114.json,,,,
mikey-youtube-community-115,社区帖 115,youtube_community_post,2026-02-16,https://www.youtube.com/post/Ugkx2nM5iQe4aF2KCrAzWF9NsCsMXan9FHmA,1,1,0,0,2,wanjia-skill/references/community-posts/mikey-youtube-community-115.json,,,,
mikey-youtube-community-116,社区帖 116,youtube_community_post,2026-02-17,https://www.youtube.com/post/UgkxaOqgu9rR8jSuYHqASiESr4QJcLY6E-KE,0,0,0,0,6,wanjia-skill/references/community-posts/mikey-youtube-community-116.json,,,,
mikey-youtube-community-117,社区帖 117,youtube_community_post,2026-02-19,https://www.youtube.com/post/UgkxuziPQQgIJ-xXCgki_BIcR2WamgWHoCLk,0,0,0,0,2,wanjia-skill/references/community-posts/mikey-youtube-community-117.json,,,,
mikey-youtube-community-118,社区帖 118,youtube_community_post,2026-02-21,https://www.youtube.com/post/UgkxfZimAHr8RjMjXAI9mTFyEwVDreiQQB2A,1,1,0,0,2,wanjia-skill/references/community-posts/mikey-youtube-community-118.json,,,,
mikey-youtube-community-119,社区帖 119,youtube_community_post,2026-02-28,https://www.youtube.com/post/Ugkx-UjuNoPEktqnhM317ch2EWyZ8lgEfh-I,0,0,0,0,2,wanjia-skill/references/community-posts/mikey-youtube-community-119.json,,,,
mikey-youtube-community-120,社区帖 120,youtube_community_post,2026-03-06,https://www.youtube.com/post/UgkxfDvrhnCcvph-89Kf2KeccSNEbQ1NKPVN,0,0,0,0,4,wanjia-skill/references/community-posts/mikey-youtube-community-120.json,,,,
mikey-youtube-community-121,社区帖 121,youtube_community_post,2026-03-07,https://www.youtube.com/post/UgkxAW-H52lbTpJNbjuWBTy72HWuxBqfFrX0,0,0,0,0,2,wanjia-skill/references/community-posts/mikey-youtube-community-121.json,,,,
mikey-youtube-community-122,社区帖 122,youtube_community_post,2026-03-25,https://www.youtube.com/post/UgkxxBifwuAV1sUI2kem_53Ec6v0O70lmLsb,0,0,0,0,3,wanjia-skill/references/community-posts/mikey-youtube-community-122.json,,,,
mikey-youtube-community-123,社区帖 123,youtube_community_post,2026-04-02,https://www.youtube.com/post/UgkxgyMCTSZegE2vPxoI1b4FYRO02QT2rcFh,0,0,0,0,2,wanjia-skill/references/community-posts/mikey-youtube-community-123.json,,,,
mikey-youtube-community-124,社区帖 124,youtube_community_post,2026-04-05,https://www.youtube.com/post/Ugkx3oqlNEOZZA6UMberDgDuIGuoIx6Po72B,0,0,0,0,2,wanjia-skill/references/community-posts/mikey-youtube-community-124.json,,,,
mikey-youtube-community-125,社区帖 125,youtube_community_post,2026-04-08,https://www.youtube.com/post/UgkxTw7-AWJXISCVwSsJLikxT4wUocM-yiIZ,0,0,0,0,2,wanjia-skill/references/community-posts/mikey-youtube-community-125.json,,,,
mikey-youtube-community-126,社区帖 126,youtube_community_post,2026-04-12,https://www.youtube.com/post/Ugkxj3463pjmUYzDgmGp6TmDTP4IdNlyhXvs,0,0,0,0,2,wanjia-skill/references/community-posts/mikey-youtube-community-126.json,,,,
mikey-youtube-community-127,社区帖 127,youtube_community_post,2026-04-13,https://www.youtube.com/post/UgkxeGtWMhskhpWj02iPJ0OeXEH6ZsM4Wb8I,0,0,0,0,5,wanjia-skill/references/community-posts/mikey-youtube-community-127.json,,,,
mikey-youtube-community-128,社区帖 128,youtube_community_post,2026-04-13,https://www.youtube.com/post/UgkxPa5vL57qYBmJQ8-YWNhge0NFAXRe0pnW,0,0,0,0,3,wanjia-skill/references/community-posts/mikey-youtube-community-128.json,,,,
mikey-youtube-community-129,社区帖 129,youtube_community_post,2026-04-14,https://www.youtube.com/post/UgkxW2LTf2hv-spbGNGg9mLRxJqS_iWL7KBB,0,0,0,0,7,wanjia-skill/references/community-posts/mikey-youtube-community-129.json,,,,
mikey-youtube-community-130,社区帖 130,youtube_community_post,2026-04-18,https://www.youtube.com/post/UgkxIhiihSB6T95usV6RUl0bE7lcLQXfzQEZ,0,0,0,0,2,wanjia-skill/references/community-posts/mikey-youtube-community-130.json,,,,
mikey-youtube-community-131,社区帖 131,youtube_community_post,2026-04-18,https://www.youtube.com/post/Ugkx2G_Gy58Rl3jGlrLpiSmeTXXKdEB_gaB2,0,0,0,0,2,wanjia-skill/references/community-posts/mikey-youtube-community-131.json,,,,
mikey-youtube-community-132,社区帖 132,youtube_community_post,2026-04-19,https://www.youtube.com/post/UgkxDtD2U2gfTzPqQoGxH53yawwUPPi8XcZm,0,0,0,0,4,wanjia-skill/references/community-posts/mikey-youtube-community-132.json,,,,
mikey-youtube-community-133,社区帖 133,youtube_community_post,2026-04-20,https://www.youtube.com/post/Ugkxgfr-N03XONlZ2_NokC7u1KhSx2zQL3F2,0,0,0,0,2,wanjia-skill/references/community-posts/mikey-youtube-community-133.json,,,,
mikey-youtube-community-134,社区帖 134,youtube_community_post,2026-04-21,https://www.youtube.com/post/UgkxaY9stFd2ESJvwkMpzds2lSUEYUr4mGL_,0,0,0,0,2,wanjia-skill/references/community-posts/mikey-youtube-community-134.json,,,,
mikey-youtube-community-135,社区帖 135,youtube_community_post,2026-04-24,https://www.youtube.com/post/UgkxBmUhIUISvp3lRG7jyCRwDvMkBuG50PAQ,0,0,0,0,1,wanjia-skill/references/community-posts/mikey-youtube-community-135.json,,,,
mikey-youtube-community-136,社区帖 136,youtube_community_post,2026-04-24,https://www.youtube.com/post/Ugkx-P1sMPDL7ckGRO6ZnabJvovZsarETjg7,0,0,0,0,1,wanjia-skill/references/community-posts/mikey-youtube-community-136.json,,,,
mikey-youtube-community-137,社区帖 137,youtube_community_post,2026-05-22,https://www.youtube.com/post/UgkxaxDYHmXLjmjFXMNjfoIJMYhqN1xs3wxe,0,0,0,0,2,wanjia-skill/references/community-posts/mikey-youtube-community-137.json,,,,
mikey-youtube-community-138,社区帖 138,youtube_community_post,2026-05-23,https://www.youtube.com/post/UgkxRVY-wZhKmqXkyVlejkoC_deta8XsrAbb,0,0,0,0,2,wanjia-skill/references/community-posts/mikey-youtube-community-138.json,,,,
mikey-youtube-community-139,社区帖 139,youtube_community_post,2026-05-28,https://www.youtube.com/post/UgkxgLe7SZfTXVft1xVukII4tgJER_yQWjIu,0,0,0,0,2,wanjia-skill/references/community-posts/mikey-youtube-community-139.json,,,,
mikey-youtube-community-140,社区帖 140,youtube_community_post,2026-05-30,https://www.youtube.com/post/UgkxxydJWi3W1OdSUcnJURSCWe5Os9jIzq5d,0,0,0,0,2,wanjia-skill/references/community-posts/mikey-youtube-community-140.json,,,,
mikey-youtube-community-141,社区帖 141,youtube_community_post,2026-05-30,https://www.youtube.com/post/UgkxVhgmKaqEpXQJPsBi8E5V3tKH38JYfm9j,0,0,0,0,5,wanjia-skill/references/community-posts/mikey-youtube-community-141.json,,,,
mikey-youtube-community-142,社区帖 142,youtube_community_post,2026-05-30,https://www.youtube.com/post/Ugkxkt8gOe9dfpxLfy6C19iCvQrjKHCiDygQ,0,0,0,0,2,wanjia-skill/references/community-posts/mikey-youtube-community-142.json,,,,
mikey-youtube-community-143,社区帖 143,youtube_community_post,2026-06-02,https://www.youtube.com/post/Ugkx4OOvWuR9jJeW1pGlGoV3Oh5oEeRnKA2P,1,1,0,0,2,wanjia-skill/references/community-posts/mikey-youtube-community-143.json,,,,
mikey-youtube-community-144,社区帖 144,youtube_community_post,2026-06-04,https://www.youtube.com/post/Ugkx4bXQWnFSuWWuTEAWVx8Ts9C_eeIw9Nb9,0,0,0,0,2,wanjia-skill/references/community-posts/mikey-youtube-community-144.json,,,,
mikey-youtube-community-145,社区帖 145,youtube_community_post,2026-06-08,https://www.youtube.com/post/Ugkxmuw5YAlY-SYfD0W9M9_FA62Tee5J803Y,0,0,0,0,4,wanjia-skill/references/community-posts/mikey-youtube-community-145.json,,,,
mikey-youtube-community-146,社区帖 146,youtube_community_post,2026-06-09,https://www.youtube.com/post/UgkxNjLQc2N8mDIuotJoDYGc0VzroyetH_5A,0,0,0,0,2,wanjia-skill/references/community-posts/mikey-youtube-community-146.json,,,,
mikey-youtube-community-147,社区帖 147,youtube_community_post,2026-06-11,https://www.youtube.com/post/UgkxlTh87cdJIKctUMG_bBwOGiU8oz9LukQc,0,0,0,0,2,wanjia-skill/references/community-posts/mikey-youtube-community-147.json,,,,
mikey-youtube-community-148,社区帖 148,youtube_community_post,2026-06-13,https://www.youtube.com/post/UgkxLSKdmcytdODEl-B1VDmgdkFfL1Kcj8vQ,0,0,0,0,2,wanjia-skill/references/community-posts/mikey-youtube-community-148.json,,,,
mikey-youtube-community-149,社区帖 149,youtube_community_post,2026-06-14,https://www.youtube.com/post/Ugkxo8f_LaYYv9E3nbO4t2_Gu3s7hBG2k-lt,1,1,0,0,2,wanjia-skill/references/community-posts/mikey-youtube-community-149.json,,,,
mikey-youtube-community-150,社区帖 150,youtube_community_post,2026-06-16,https://www.youtube.com/post/UgkxrejoI7H7w6yJ5F8nIUt8BfjDYt2jsfsm,0,0,0,0,2,wanjia-skill/references/community-posts/mikey-youtube-community-150.json,,,,
mikey-youtube-community-151,社区帖 151,youtube_community_post,2026-06-21,https://www.youtube.com/post/UgkxME_zOYFB9GS678qj9gjLbTZ1Fc95xn8m,0,0,0,0,4,wanjia-skill/references/community-posts/mikey-youtube-community-151.json,,,,
mikey-youtube-community-152,社区帖 152,youtube_community_post,2026-06-27,https://www.youtube.com/post/UgkxzrMmAS80FktWHMxDX8kZr0c7NgzoNKuo,0,0,0,0,2,wanjia-skill/references/community-posts/mikey-youtube-community-152.json,,,,
mikey-youtube-community-153,社区帖 153,youtube_community_post,2026-06-29,https://www.youtube.com/post/UgkxO_vXUmm8PYc6hyROqcUIQZt9QrS9Flxx,0,0,0,0,2,wanjia-skill/references/community-posts/mikey-youtube-community-153.json,,,,
mikey-youtube-community-154,社区帖 154,youtube_community_post,2026-06-30,https://www.youtube.com/post/UgkxrynjvYHfBBJSVBG9JzsLFnQzCzVrwySi,0,0,0,0,2,wanjia-skill/references/community-posts/mikey-youtube-community-154.json,,,,
mikey-youtube-community-155,社区帖 155,youtube_community_post,2026-07-03,https://www.youtube.com/post/UgkxTLQlNd2SlLizHfm47_U8RfUrPVYlZdiZ,0,0,0,0,2,wanjia-skill/references/community-posts/mikey-youtube-community-155.json,,,,
mikey-youtube-community-156,社区帖 156,youtube_community_post,2026-07-04,https://www.youtube.com/post/UgkxogfIWO7zIQSTOnxHMXuPZsg4vf_mPEQJ,0,0,0,0,2,wanjia-skill/references/community-posts/mikey-youtube-community-156.json,,,,
mikey-youtube-community-157,社区帖 157,youtube_community_post,2026-07-06,https://www.youtube.com/post/UgkxhlIp1c1rwzwZ_Y_Fr60cYoJ-Vg1faeWe,0,0,0,0,2,wanjia-skill/references/community-posts/mikey-youtube-community-157.json,,,,
mikey-youtube-community-158,社区帖 158,youtube_community_post,2026-07-14,https://www.youtube.com/post/UgkxUECVAm2U5t4HsHCAZcfhblHI5GpUaYpH,0,0,0,0,2,wanjia-skill/references/community-posts/mikey-youtube-community-158.json,,,,
mikey-youtube-community-159,社区帖 159,youtube_community_post,2026-07-14,https://www.youtube.com/post/UgkxjjaCF29Iki7Ws3lLV_uKlaSP67sKq4ug,0,0,0,0,6,wanjia-skill/references/community-posts/mikey-youtube-community-159.json,,,,
mikey-youtube-community-160,社区帖 160,youtube_community_post,2026-07-16,https://www.youtube.com/post/UgkxKZ1InIbb38g7fSujVDvLr-FefRRot2v3,0,0,0,0,1,wanjia-skill/references/community-posts/mikey-youtube-community-160.json,,,,
mikey-youtube-community-161,社区帖 161,youtube_community_post,2026-07-18,https://www.youtube.com/post/Ugkx1fd5cQtVS8Ri-OU7BcdaSX4LucEcLaus,0,0,0,0,3,wanjia-skill/references/community-posts/mikey-youtube-community-161.json,,,,
mikey-youtube-community-162,社区帖 162,youtube_community_post,2026-07-18,https://www.youtube.com/post/UgkxLsIG1_N4ujgNtG0njZadAjMdcOhb74nm,0,0,0,0,2,wanjia-skill/references/community-posts/mikey-youtube-community-162.json,,,,
mikey-youtube-community-163,社区帖 163,youtube_community_post,2026-07-20,https://www.youtube.com/post/UgkxThcDwW5EUfTVLLKBZ4YqUib6pLC7v5v2,0,0,0,0,2,wanjia-skill/references/community-posts/mikey-youtube-community-163.json,,,,
mikey-youtube-community-164,社区帖 164,youtube_community_post,2026-07-21,https://www.youtube.com/post/UgkxhSplqHRA8bpqwZ9fALcDtKhkT7SRlIa7,1,1,0,0,2,wanjia-skill/references/community-posts/mikey-youtube-community-164.json,,,,
mikey-youtube-community-165,社区帖 165,youtube_community_post,2026-07-22,https://www.youtube.com/post/Ugkxtjj9swuvFoiRRvOHwD-d2sTxPOpWjC6k,0,0,0,0,3,wanjia-skill/references/community-posts/mikey-youtube-community-165.json,,,,
mikey-youtube-community-166,社区帖 166,youtube_community_post,2026-07-23,https://www.youtube.com/post/UgkxgQa6GWkP0elGdwG1sZru_a6WFAaz7SlC,0,0,0,0,4,wanjia-skill/references/community-posts/mikey-youtube-community-166.json,,,,
mikey-youtube-community-167,社区帖 167,youtube_community_post,2026-07-23,https://www.youtube.com/post/UgkxoU3KYpKqbn4DDyu2lW7YVSbFeITvRHMw,1,1,0,0,2,wanjia-skill/references/community-posts/mikey-youtube-community-167.json,,,,
mikey-youtube-community-168,社区帖 168,youtube_community_post,2026-07-24,https://www.youtube.com/post/UgkxRZf-d5UfSw0KtNA5TDlekKuwZobcBXOl,0,0,0,0,2,wanjia-skill/references/community-posts/mikey-youtube-community-168.json,,,,
mikey-youtube-community-169,社区帖 169,youtube_community_post,2026-07-27,https://www.youtube.com/post/Ugkxv2Yp-v0wm_l08urXZQTnemubsTp-ou2O,0,0,0,0,2,wanjia-skill/references/community-posts/mikey-youtube-community-169.json,,,,
mikey-youtube-community-170,社区帖 170,youtube_community_post,2026-07-27,https://www.youtube.com/post/UgkxfCkdA3EyF3CMa_cNP3eddVqzf4uwY_zv,0,0,0,0,3,wanjia-skill/references/community-posts/mikey-youtube-community-170.json,,,,
mikey-youtube-community-171,社区帖 171,youtube_community_post,2026-07-29,https://www.youtube.com/post/UgkxUtrgOAAvjNs6PG1XdjsgzzvqHlWCJoph,0,0,0,0,2,wanjia-skill/references/community-posts/mikey-youtube-community-171.json,,,,
mikey-youtube-community-172,社区帖 172,youtube_community_post,2026-07-31,https://www.youtube.com/post/UgkxqC-LqrgsMP3L55jyDkT0GRYpxVxOkgjl,0,0,0,0,2,wanjia-skill/references/community-posts/mikey-youtube-community-172.json,,,,
mikey-youtube-community-173,社区帖 173,youtube_community_post,2026-08-03,https://www.youtube.com/post/UgkxOSdmhJd7C5YfOjnED8vVMgd2vm5rC1qF,0,0,0,0,6,wanjia-skill/references/community-posts/mikey-youtube-community-173.json,,,,
mikey-youtube-community-174,社区帖 174,youtube_community_post,2026-08-03,https://www.youtube.com/post/UgkxvSUdHGkCSrKDoiBYtqLA3JcIJjizSYz8,0,0,0,0,1,wanjia-skill/references/community-posts/mikey-youtube-community-174.json,,,,
mikey-youtube-community-175,社区帖 175,youtube_community_post,2026-08-04,https://www.youtube.com/post/Ugkxj98q_rvOXyv6EfxbBZRBE0TscwllGD7Q,0,0,0,0,3,wanjia-skill/references/community-posts/mikey-youtube-community-175.json,,,,
mikey-youtube-community-176,社区帖 176,youtube_community_post,2026-08-04,https://www.youtube.com/post/Ugkx8FVRMXewhpJazEho4ibQq_eW6DNh4gVw,0,0,0,0,2,wanjia-skill/references/community-posts/mikey-youtube-community-176.json,,,,
mikey-youtube-community-177,社区帖 177,youtube_community_post,2026-08-06,https://www.youtube.com/post/UgkxYotnHjXqyZELzOIr3Km3LbS3dYTo6wAB,0,0,0,0,2,wanjia-skill/references/community-posts/mikey-youtube-community-177.json,,,,
mikey-youtube-community-178,社区帖 178,youtube_community_post,2026-08-07,https://www.youtube.com/post/Ugkx4morL0BPGupFW-QWB9Did5Pqjk37_DO4,0,0,0,0,2,wanjia-skill/references/community-posts/mikey-youtube-community-178.json,,,,
mikey-youtube-community-179,社区帖 179,youtube_community_post,2026-08-08,https://www.youtube.com/post/UgkxPBM1sHZo-cdpVCGUqvwJr7uerApZH-AG,0,0,0,0,3,wanjia-skill/references/community-posts/mikey-youtube-community-179.json,,,,
mikey-youtube-community-180,社区帖 180,youtube_community_post,2026-08-09,https://www.youtube.com/post/UgkxvkoBP8XuELDlF5nAK-WUGiiGZvJ_bHzE,0,0,0,0,2,wanjia-skill/references/community-posts/mikey-youtube-community-180.json,,,,
mikey-youtube-community-181,社区帖 181,youtube_community_post,2026-08-09,https://www.youtube.com/post/UgkxZdJBfDfzZm-bmzkW_AKaKCUZFH3yg5Gg,0,0,0,0,3,wanjia-skill/references/community-posts/mikey-youtube-community-181.json,,,,
mikey-youtube-community-182,社区帖 182,youtube_community_post,2026-08-09,https://www.youtube.com/post/UgkxibaGxOUcqk5S9PBWVYASR8-J7fkhR5sz,0,0,0,0,1,wanjia-skill/references/community-posts/mikey-youtube-community-182.json,,,,
mikey-youtube-community-183,社区帖 183,youtube_community_post,2026-08-10,https://www.youtube.com/post/UgkxxBxGA760NbL5Pt8n-_17TozYStYCbJtL,0,0,0,0,3,wanjia-skill/references/community-posts/mikey-youtube-community-183.json,,,,
mikey-youtube-community-184,社区帖 184,youtube_community_post,2026-08-11,https://www.youtube.com/post/UgkxJLOS8BucOmK0_UdobzwLjzVqbEBG-0xJ,0,0,0,0,2,wanjia-skill/references/community-posts/mikey-youtube-community-184.json,,,,
mikey-youtube-community-185,社区帖 185,youtube_community_post,2026-08-12,https://www.youtube.com/post/UgkxiDju5oxxYJjwz84VQgwQ1rCFyz53RjPA,0,0,0,0,2,wanjia-skill/references/community-posts/mikey-youtube-community-185.json,,,,
mikey-youtube-community-186,社区帖 186,youtube_community_post,2026-08-13,https://www.youtube.com/post/UgkxVKFOLaf7rubVBzqdN1sp97eJoi_IcrNp,0,0,0,0,2,wanjia-skill/references/community-posts/mikey-youtube-community-186.json,,,,
mikey-youtube-community-187,社区帖 187,youtube_community_post,2026-08-15,https://www.youtube.com/post/Ugkx_SMimbd3cforoo5kJRtzUgBA_Wu1SNFs,0,0,0,0,2,wanjia-skill/references/community-posts/mikey-youtube-community-187.json,,,,
mikey-youtube-community-188,社区帖 188,youtube_community_post,2026-08-22,https://www.youtube.com/post/UgkxH4YjeHTHwz1PjsRqHwqpqZ9Nv-eV0Q3P,0,0,0,0,2,wanjia-skill/references/community-posts/mikey-youtube-community-188.json,,,,
mikey-youtube-community-189,社区帖 189,youtube_community_post,2026-08-23,https://www.youtube.com/post/UgkxU4-NTgZMWtPnvJ71HkfMw_5KWZtMzKOK,1,1,0,0,2,wanjia-skill/references/community-posts/mikey-youtube-community-189.json,,,,
mikey-youtube-community-190,社区帖 190,youtube_community_post,2026-08-26,https://www.youtube.com/post/UgkxPmcv-ZsREIwlXUJVuc1W6EyvXp-DELZ2,0,0,0,0,2,wanjia-skill/references/community-posts/mikey-youtube-community-190.json,,,,
mikey-youtube-community-191,社区帖 191,youtube_community_post,2026-08-28,https://www.youtube.com/post/UgkxtyHu_QPGcBEeAgGwlHscUKoHjY_4wYKT,0,0,0,0,2,wanjia-skill/references/community-posts/mikey-youtube-community-191.json,,,,
mikey-youtube-community-192,社区帖 192,youtube_community_post,2026-08-28,https://www.youtube.com/post/UgkxsqfDOVins9EYfGB8Sj8LNuiDnVbiGPzJ,0,0,0,0,2,wanjia-skill/references/community-posts/mikey-youtube-community-192.json,,,,
mikey-youtube-community-193,社区帖 193,youtube_community_post,2026-08-29,https://www.youtube.com/post/UgkxoONyHENYvNPGhdOdFEdpRrN7bbgwyUlS,0,0,0,0,2,wanjia-skill/references/community-posts/mikey-youtube-community-193.json,,,,
mikey-youtube-community-194,社区帖 194,youtube_community_post,2026-08-31,https://www.youtube.com/post/UgkxBMgJtbN1Vq8MS4_GMp_TVKJE1gZ2Ocho,0,0,0,0,2,wanjia-skill/references/community-posts/mikey-youtube-community-194.json,,,,
mikey-youtube-community-195,社区帖 195,youtube_community_post,2026-09-01,https://www.youtube.com/post/Ugkx9kmUv1ZXzAgKPGqGV_WjdHfi8hKiPZ2B,1,1,0,0,2,wanjia-skill/references/community-posts/mikey-youtube-community-195.json,,,,
mikey-youtube-community-196,社区帖 196,youtube_community_post,2026-09-02,https://www.youtube.com/post/UgkxulldjhqpkAwRvoJ5aoPHTRd1i-5aSM4r,0,0,0,0,2,wanjia-skill/references/community-posts/mikey-youtube-community-196.json,,,,
mikey-youtube-community-197,社区帖 197,youtube_community_post,2026-09-06,https://www.youtube.com/post/UgkxIuEahMtW2t7Qiqc80fLMdIQ-QiESEsNs,0,0,0,0,2,wanjia-skill/references/community-posts/mikey-youtube-community-197.json,,,,
mikey-youtube-community-198,社区帖 198,youtube_community_post,2026-09-07,https://www.youtube.com/post/Ugkx9fT2slg25UM9XmDhQ7VDiUPzEqcMrqvc,0,0,0,0,3,wanjia-skill/references/community-posts/mikey-youtube-community-198.json,,,,
mikey-youtube-community-199,社区帖 199,youtube_community_post,2026-09-09,https://www.youtube.com/post/Ugkxnw_trQkP1hjMd48xlHF6fP7VfwMZcPfM,0,0,0,0,3,wanjia-skill/references/community-posts/mikey-youtube-community-199.json,,,,
mikey-youtube-community-200,社区帖 200,youtube_community_post,2026-09-13,https://www.youtube.com/post/UgkxmQSHgjVP5FYgRju-tE1PAssnIb2FtQTo,0,0,0,0,2,wanjia-skill/references/community-posts/mikey-youtube-community-200.json,,,,
mikey-youtube-community-201,社区帖 201,youtube_community_post,2026-09-14,https://www.youtube.com/post/UgkxHc_JOhfx9gjYUM1AC2eha0fh6RHKoJ4J,0,0,0,0,2,wanjia-skill/references/community-posts/mikey-youtube-community-201.json,,,,
mikey-youtube-community-202,社区帖 202,youtube_community_post,2026-09-18,https://www.youtube.com/post/UgkxGqAZrhJgikcp2h0nCoyaxsC11-mypxUT,0,0,0,0,2,wanjia-skill/references/community-posts/mikey-youtube-community-202.json,,,,
mikey-youtube-community-203,社区帖 203,youtube_community_post,2026-09-21,https://www.youtube.com/post/UgkxUfbIJogS_ooqGleBt_zIgaKcPp4TsMx8,0,0,0,0,2,wanjia-skill/references/community-posts/mikey-youtube-community-203.json,,,,
mikey-youtube-community-204,社区帖 204,youtube_community_post,2026-09-22,https://www.youtube.com/post/UgkxgDPVkCfB2ZD1nJ6hxY_vS9_1Ion8S9XE,0,0,0,0,2,wanjia-skill/references/community-posts/mikey-youtube-community-204.json,,,,
mikey-youtube-live-refresh-001,愛上別人的女朋友后 她男朋友找上了我…,youtube_public_livestream_refresh,,https://www.youtube.com/watch?v=o1Auc_79NR8,15,15,0,0,3160,wanjia-skill/references/youtube-live-refresh-20261002/mikey-youtube-live-refresh-001/transcript.json,wanjia-skill/references/youtube-live-refresh-20261002/mikey-youtube-live-refresh-001/distillation.json,automatic_transcription_not_sentence_by_sentence_verified,sparse_and_dense_still_frame_review_not_continuous_audiovisual_verification,not_sentence_by_sentence_verified
mikey-youtube-live-refresh-002,外賣頂級外圍女 事後問我要錢 我分幣不掏 白嫖兩次,youtube_public_livestream_refresh,,https://www.youtube.com/watch?v=dpwFz0FpGzU,18,18,0,0,4447,wanjia-skill/references/youtube-live-refresh-20261002/mikey-youtube-live-refresh-002/transcript.json,wanjia-skill/references/youtube-live-refresh-20261002/mikey-youtube-live-refresh-002/distillation.json,automatic_transcription_not_sentence_by_sentence_verified,sparse_and_dense_still_frame_review_not_continuous_audiovisual_verification,not_sentence_by_sentence_verified
mikey-youtube-live-refresh-003,對不起，我愛上了別人的女朋友。這將是我最後一次使用禁忌之力,youtube_public_livestream_refresh,,https://www.youtube.com/watch?v=EPmR6XOphxY,0,0,0,0,3959,wanjia-skill/references/youtube-live-refresh-20261002/mikey-youtube-live-refresh-003/transcript.json,wanjia-skill/references/youtube-live-refresh-20261002/mikey-youtube-live-refresh-003/distillation.json,automatic_transcription_not_sentence_by_sentence_verified,sparse_and_dense_still_frame_review_not_continuous_audiovisual_verification,not_sentence_by_sentence_verified
mikey-youtube-community-205,社区帖 205,youtube_community_post,2026-09-28,https://www.youtube.com/post/UgkxvkElXALsn2CKOYIc_rWSi4aNCLVscGHG,0,0,0,0,2,wanjia-skill/references/community-posts/mikey-youtube-community-205.json,wanjia-skill/references/community-refresh-20261004/mikey-youtube-community-205.safe.json,,,
mikey-youtube-community-206,社区帖 206,youtube_community_post,2026-09-29,https://www.youtube.com/post/Ugkxd_qGdwAnzA7aeauTdIeXH8J4K7hrED7J,0,0,0,0,2,wanjia-skill/references/community-posts/mikey-youtube-community-206.json,wanjia-skill/references/community-refresh-20261004/mikey-youtube-community-206.safe.json,,,
mikey-youtube-community-207,社区帖 207,youtube_community_post,2026-09-30,https://www.youtube.com/post/UgkxSZn_ooWnYNcwljrc8UuuXRqcC8kavy9r,0,0,0,0,2,wanjia-skill/references/community-posts/mikey-youtube-community-207.json,wanjia-skill/references/community-refresh-20261004/mikey-youtube-community-207.safe.json,,,
mikey-youtube-community-208,社区帖 208,youtube_community_post,2026-10-01,https://www.youtube.com/post/UgkxIWfBhGHmDM6nml_Z4cGIeiNo9kGRGWnN,0,0,0,0,6,wanjia-skill/references/community-posts/mikey-youtube-community-208.json,wanjia-skill/references/community-refresh-20261004/mikey-youtube-community-208.safe.json,,,
mikey-youtube-community-209,社区帖 209,youtube_community_post,2026-10-02,https://www.youtube.com/post/Ugkx5qR8O7FI6qP-d83lBR2S7KD0xUqgLhp6,0,0,0,0,9,wanjia-skill/references/community-posts/mikey-youtube-community-209.json,wanjia-skill/references/community-refresh-20261004/mikey-youtube-community-209.safe.json,,,
mikey-youtube-video-refresh-001,愛上別人的女朋友后 她男朋友找上了我…丨約會丨把妹丨情感丨戀愛丨約炮丨男性自我提升丨短期關係丨長期關係丨dating in china,youtube_public_video,2026-10-02,https://www.youtube.com/watch?v=fpvInZQNkaE,0,0,0,0,1727,wanjia-skill/references/youtube-media-refresh-20261004/mikey-youtube-video-refresh-001/transcript.json,wanjia-skill/references/youtube-media-refresh-20261004/mikey-youtube-video-refresh-001/distillation.safe.json,complete_automatic_asr_safe_derivative_not_sentence_by_sentence_verified,local_sparse_and_key_still_review_report_pro_read_safe_report_only_not_pixels,not_sentence_by_sentence_verified_original_audio_listening_NOT_RUN
mikey-youtube-short-refresh-001,现实却比我们诚实…  兄弟们求求了别串了…,youtube_public_short,2026-10-02,https://www.youtube.com/watch?v=Q4mGmPgp6HY,0,0,0,0,2,wanjia-skill/references/youtube-media-refresh-20261004/mikey-youtube-short-refresh-001/transcript.json,wanjia-skill/references/youtube-media-refresh-20261004/mikey-youtube-short-refresh-001/distillation.safe.json,complete_automatic_asr_safe_derivative_not_sentence_by_sentence_verified,local_sparse_and_key_still_review_report_pro_read_safe_report_only_not_pixels,not_sentence_by_sentence_verified_original_audio_listening_NOT_RUN
